quote_id,label,true_net,out_of_grammar
2204-001,clean,123500,1
2204-002,clean,42000,0
2204-003,clean,106800,0
2204-004,clean,181000,0
2204-005,clean,11600,0
2204-006,clean,108000,0
2204-007,clean,217500,0
2204-008,clean,24400,0
2204-009,clean,168400,0
2204-010,copied_rate,5000,0
2204-011,clean,66600,1
2204-012,clean,182300,0
2204-013,clean,5000,0
2204-014,clean,51800,0
2204-015,clean,18600,0
2204-016,clean,5000,1
2204-017,clean,108000,1
2204-018,clean,113000,1
2204-019,clean,7000,0
2204-020,clean,5000,0
2204-021,clean,50000,0
2204-022,clean,142200,0
2204-023,clean,116000,1
2204-024,clean,8000,1
2204-025,clean,45000,1
2204-026,clean,9000,1
2204-027,clean,164000,0
2204-028,clean,109200,0
2204-029,clean,32800,0
2204-030,clean,77400,0
2204-031,clean,71000,0
2204-032,clean,34000,0
2204-033,clean,36800,0
2204-034,clean,75600,0
2204-035,clean,299000,0
2204-036,rounding_inconsistency,227600,0
2204-037,clean,207000,1
2204-038,clean,214000,0
2204-039,clean,206600,1
2204-040,clean,190900,0
2204-041,clean,306000,0
2204-042,clean,96600,0
2204-043,clean,23000,0
2204-044,clean,197000,0
2204-045,clean,66100,0
2204-046,clean,89000,0
2204-047,clean,187000,0
2204-048,clean,56600,0
2204-049,clean,95800,0
2204-050,clean,94100,0
2204-051,clean,17700,0
2204-052,clean,6400,0
2204-053,clean,67800,0
2204-054,clean,178000,0
2204-055,clean,62000,0
2204-056,clean,58000,0
2205-001,clean,55800,0
2205-002,clean,15000,0
2205-003,clean,25000,0
2205-004,clean,282000,0
2205-005,clean,291500,0
2205-006,clean,112900,0
2205-007,clean,68200,0
2205-008,clean,12300,1
2205-009,clean,207000,0
2205-010,clean,50000,0
2205-011,clean,126000,0
2205-012,clean,120000,1
2205-013,clean,19200,0
2205-014,clean,106000,0
2205-015,clean,5000,1
2205-016,clean,46800,0
2205-017,clean,204600,0
2205-018,clean,35900,0
2205-019,clean,28000,0
2205-020,clean,155000,0
2205-021,clean,5000,0
2205-022,clean,38200,0
2205-023,clean,18000,0
2205-024,clean,121000,0
2205-025,clean,155400,1
2205-026,clean,108300,0
2205-027,clean,211600,0
2205-028,clean,75600,0
2205-029,undocumented_discount,78800,0
2205-030,clean,76000,0
2205-031,clean,150000,0
2205-032,clean,80000,1
2205-033,clean,35000,0
2205-034,clean,131000,0
2205-035,clean,80000,0
2205-036,clean,11300,0
2205-037,clean,53000,0
2205-038,clean,128000,0
2205-039,clean,149000,0
2205-040,clean,65000,0
2205-041,clean,102000,1
2205-042,clean,199000,0
2205-043,clean,59000,1
2205-044,clean,116000,0
2205-045,clean,141000,0
2205-046,clean,101000,0
2205-047,clean,162600,1
2205-048,clean,9000,0
2205-049,clean,175500,1
2205-050,clean,82800,0
2205-051,clean,126600,0
2205-052,clean,123600,1
2205-053,clean,98000,0
2205-054,clean,93200,0
2205-055,clean,5000,0
2205-056,clean,83500,0
2205-057,clean,150000,0
2205-058,clean,90400,1
2205-059,clean,60700,0
2205-060,clean,66600,0
2206-001,clean,27000,0
2206-002,clean,123200,0
2206-003,clean,58400,0
2206-004,clean,8500,0
2206-005,clean,44000,0
2206-006,clean,36000,0
2206-007,clean,162800,0
2206-008,clean,19000,0
2206-009,clean,63000,0
2206-010,clean,100000,0
2206-011,clean,134400,0
2206-012,clean,90000,1
2206-013,clean,218000,0
2206-014,clean,187000,0
2206-015,clean,281000,0
2206-016,clean,116000,0
2206-017,clean,187000,0
2206-018,clean,72000,0
2206-019,clean,42500,0
2206-020,clean,5000,0
2206-021,clean,113300,1
2206-022,clean,142000,0
2206-023,clean,5000,0
2206-024,clean,5000,0
2206-007-2,revision_or_duplicate,162800,0
2206-025,clean,42000,0
2206-026,clean,38000,0
2206-027,clean,125000,0
2206-028,clean,102000,1
2206-029,clean,45000,0
2206-030,clean,108600,0
2206-031,clean,46000,0
2206-032,clean,55200,0
2206-033,clean,77000,0
2206-034,clean,5000,0
2206-035,clean,62200,0
2206-036,clean,91000,0
2206-037,clean,7000,0
2206-038,clean,376000,1
2206-039,clean,120000,1
2206-040,clean,74000,0
2206-036-2,clean,91000,0
2206-041,clean,75200,0
2206-042,typo,89100,0
2206-043,clean,155900,0
2206-044,clean,43900,0
2206-045,clean,7100,0
2206-046,clean,123400,0
2206-047,undocumented_discount,69300,0
2206-048,clean,83000,0
2206-049,clean,149000,0
2206-050,clean,57800,0
2206-051,clean,69400,0
2206-052,clean,260000,1
2206-053,clean,50000,0
2206-054,clean,6900,0
2206-055,clean,90600,1
2206-056,clean,240000,0
2206-057,clean,109900,0
2206-058,clean,5000,0
2206-059,clean,5000,0
2206-060,clean,132200,1
2206-061,clean,8000,0
2206-062,clean,95000,0
2207-001,clean,5000,0
2207-002,clean,17000,0
2207-003,clean,43000,0
2207-004,clean,63600,0
2207-005,clean,64000,0
2207-006,clean,15800,1
2207-007,clean,166000,0
2207-008,clean,86000,0
2207-009,clean,113400,0
2207-010,clean,252700,0
2207-011,clean,7500,1
2207-012,clean,95200,0
2207-013,clean,86600,0
2207-014,clean,140100,0
2207-015,clean,78000,0
2207-016,clean,33600,0
2207-017,clean,99400,0
2207-018,clean,117800,0
2207-019,clean,186300,0
2207-020,clean,144200,0
2207-021,clean,106700,0
2207-022,clean,242000,0
2207-023,undocumented_discount,60000,0
2207-024,clean,241000,1
2207-025,clean,90000,0
2207-026,clean,110600,1
2207-027,clean,152000,0
2207-028,clean,247600,0
2207-029,clean,119000,1
2207-030,clean,37400,0
2207-031,clean,75800,0
2207-032,clean,92000,0
2207-033,clean,414200,1
2207-034,clean,124200,0
2207-035,clean,5000,0
2207-036,clean,85600,0
2207-037,clean,69500,1
2207-038,clean,6400,0
2207-039,clean,82800,1
2207-040,clean,5000,0
2207-041,clean,162400,1
2207-042,clean,32200,0
2207-043,clean,13800,0
2207-044,clean,168000,0
2207-045,clean,72100,0
2207-046,clean,53800,0
2207-047,clean,31800,0
2208-001,clean,116000,0
2208-002,clean,79300,0
2208-003,copied_rate,77200,0
2208-004,clean,124000,0
2208-005,clean,40000,0
2208-006,unexplained,85700,0
2208-007,clean,260200,1
2208-008,clean,80300,0
2208-009,clean,29000,0
2208-010,clean,137000,0
2208-011,clean,34300,0
2208-012,clean,5000,0
2208-013,clean,738900,1
2208-014,clean,155900,0
2208-015,clean,122000,1
2208-016,clean,209600,0
2208-017,clean,59000,0
2208-018,clean,84000,0
2208-019,clean,59400,0
2208-020,clean,57000,1
2208-021,clean,135900,0
2208-022,clean,166500,0
2208-023,clean,14000,0
2208-024,clean,91000,0
2208-025,clean,8700,1
2208-026,copied_rate,184000,1
2208-027,clean,140000,0
2208-028,clean,8000,0
2208-029,clean,137500,0
2208-030,clean,30200,0
2208-031,clean,35900,0
2208-032,unexplained,365100,0
2208-033,clean,49200,1
2208-034,clean,8100,0
2208-035,clean,149800,0
2208-036,clean,270000,1
2208-037,clean,8300,0
2208-038,clean,13000,0
2208-039,clean,136400,0
2208-040,clean,83000,0
2208-041,clean,46600,0
2208-042,clean,46000,0
2208-043,clean,102900,0
2208-044,clean,27300,0
2208-045,clean,43000,0
2208-046,clean,104000,0
2208-047,clean,100500,0
2208-048,clean,137000,0
2208-049,clean,46400,0
2208-050,clean,64600,0
2208-051,undocumented_discount,230000,0
2208-052,clean,195000,0
2208-053,clean,90000,0
2208-054,clean,104000,0
2208-055,clean,138000,0
2208-056,clean,154000,0
2208-057,clean,258000,0
2208-058,clean,346000,0
2208-059,clean,126900,0
2208-060,rounding_inconsistency,81500,0
2208-061,clean,90500,0
2208-062,clean,10100,0
2208-063,unrecorded_surcharge,630500,0
2209-001,clean,6400,0
2209-002,clean,63500,1
2209-003,clean,184200,0
2209-004,clean,55000,0
2209-005,clean,208000,0
2209-006,clean,145000,1
2209-007,clean,554000,1
2209-008,clean,152000,1
2209-009,clean,27900,0
2209-010,clean,48400,0
2209-011,clean,21000,1
2209-012,clean,7200,0
2209-013,clean,48000,0
2209-014,clean,136000,0
2209-015,clean,28200,0
2209-016,clean,108600,0
2209-017,clean,143000,0
2209-018,clean,140000,0
2209-019,undocumented_discount,154000,0
2209-020,clean,88800,0
2209-021,clean,73600,0
2209-022,clean,36000,0
2209-023,clean,281100,0
2209-024,clean,151000,0
2209-025,clean,22000,1
2209-026,clean,20400,1
2209-027,clean,97000,0
2209-028,clean,5000,0
2209-029,clean,8400,0
2209-030,undocumented_discount,99000,0
2209-031,clean,70600,0
2209-032,clean,85200,0
2209-033,clean,5000,0
2209-034,clean,148500,0
2209-035,clean,171000,0
2209-036,clean,105000,0
2209-037,clean,10200,0
2209-038,clean,71000,0
2209-039,clean,144800,0
2209-040,clean,166600,0
2209-041,clean,187000,0
2209-042,clean,14200,0
2209-043,clean,7200,0
2209-044,clean,60000,0
2209-045,clean,156200,0
2209-046,clean,110000,0
2209-047,clean,6000,0
2209-048,clean,200800,0
2209-049,clean,31000,0
2209-050,clean,149000,1
2209-051,clean,212000,0
2209-052,clean,106600,0
2209-053,clean,110800,0
2209-054,clean,194900,0
2209-055,clean,5700,0
2209-056,clean,60000,0
2209-057,clean,119600,0
2209-058,clean,643700,1
2209-059,clean,71800,1
2209-060,clean,172000,0
2209-061,clean,97800,0
2210-001,clean,5000,0
2210-002,clean,148600,1
2210-003,clean,17600,1
2210-004,clean,132600,0
2210-005,undocumented_discount,13500,0
2210-006,clean,93400,0
2210-007,clean,90000,1
2210-008,clean,12000,1
2210-009,clean,70400,0
2210-010,clean,235200,0
2210-011,clean,27000,0
2210-012,clean,52200,0
2210-013,clean,57000,0
2210-014,clean,113000,0
2210-015,clean,38800,0
2210-016,clean,7000,0
2210-017,clean,104900,0
2210-018,clean,91300,0
2210-019,clean,12100,0
2210-020,clean,200000,0
2210-021,clean,101900,0
2210-022,clean,82800,0
2210-023,clean,78000,0
2210-024,clean,207400,0
2210-025,clean,64400,0
2210-026,clean,80400,0
2210-027,clean,145800,0
2210-028,clean,85000,1
2210-029,clean,122000,0
2210-030,clean,108000,0
2210-031,clean,161000,0
2210-032,clean,35000,0
2210-033,clean,26000,0
2210-034,clean,69300,0
2210-035,clean,152000,1
2210-036,clean,68400,0
2210-037,clean,98000,0
2210-038,unexplained,56900,0
2210-039,clean,47400,1
2210-040,clean,37200,0
2210-041,clean,52500,0
2210-042,clean,287000,0
2210-043,clean,35000,0
2210-044,clean,275200,0
2210-045,clean,138100,0
2210-046,clean,11800,0
2210-047,clean,74100,1
2210-048,clean,123000,0
2210-049,clean,50400,0
2210-050,clean,38000,0
2210-051,clean,126200,0
2210-052,clean,96000,0
2210-053,copied_rate,37300,0
2211-001,clean,127000,1
2211-002,clean,40200,0
2211-003,clean,106000,0
2211-004,clean,105000,0
2211-005,clean,226600,0
2211-006,clean,156000,0
2211-007,copied_rate,83400,0
2211-008,clean,6500,0
2211-009,clean,58000,0
2211-010,clean,75400,0
2211-011,clean,5000,0
2211-012,clean,51400,0
2211-013,clean,101700,1
2211-014,clean,33100,0
2211-015,clean,30000,0
2211-016,clean,150000,1
2211-017,clean,12000,0
2211-018,clean,24000,0
2211-019,clean,81000,0
2211-020,clean,217000,0
2211-021,clean,121000,0
2211-022,clean,31200,0
2211-023,clean,158000,0
2211-024,clean,195300,0
2211-025,clean,87500,1
2211-026,clean,126700,0
2211-027,clean,45000,0
2211-028,clean,51500,0
2211-029,clean,80400,0
2211-030,clean,168000,0
2211-031,clean,11400,0
2211-032,clean,93000,0
2211-033,clean,156000,0
2211-034,clean,72000,0
2211-035,clean,30500,0
2211-013-2,revision_or_duplicate,101700,1
2211-036,clean,41100,0
2211-037,clean,53600,0
2211-038,clean,155000,0
2211-039,clean,151300,0
2211-040,clean,41000,0
2211-041,clean,131000,0
2211-042,clean,103000,0
2211-043,clean,126000,0
2211-044,clean,197900,0
2211-045,clean,116600,0
2211-046,clean,155700,0
2211-047,clean,153100,0
2211-048,undocumented_discount,140000,0
2211-049,clean,171000,0
2211-050,clean,102000,0
2211-051,clean,74000,0
2211-052,clean,49000,1
2211-053,clean,98000,0
2211-054,clean,191000,0
2211-055,clean,82000,0
2211-056,unexplained,248200,0
2211-057,clean,68000,0
2211-058,clean,19100,0
2212-001,clean,175100,0
2212-002,clean,248600,0
2212-003,clean,10100,0
2212-004,clean,204600,0
2212-005,clean,69000,0
2212-006,clean,125000,0
2212-007,clean,78200,0
2212-008,undocumented_discount,150000,0
2212-009,clean,127400,0
2212-010,clean,15400,0
2212-011,clean,12800,0
2212-012,clean,32100,0
2212-013,clean,302200,0
2212-014,clean,96800,0
2212-015,clean,27100,0
2212-016,clean,178200,0
2212-017,clean,5000,0
2212-018,clean,126000,0
2212-019,clean,88200,0
2212-020,unrecorded_surcharge,88300,1
2212-021,clean,39700,0
2212-022,unrecorded_surcharge,82000,1
2212-023,clean,82000,0
2212-024,clean,107200,0
2212-025,clean,37000,0
2212-026,clean,127400,0
2212-027,clean,113000,0
2212-028,clean,88000,0
2212-029,clean,57400,0
2212-030,clean,67000,1
2212-031,clean,56000,0
2212-032,clean,6700,1
2212-033,clean,110800,0
2212-034,clean,49500,0
2212-035,clean,5000,0
2212-036,undocumented_discount,86400,0
2212-037,clean,77000,0
2212-038,clean,234700,1
2212-039,clean,54000,0
2212-040,clean,183400,0
2212-041,clean,73200,0
2212-042,clean,103000,0
2212-043,clean,9700,0
2212-044,clean,136000,0
2212-045,clean,61000,0
2212-046,clean,68800,0
2212-047,clean,49000,0
2212-048,clean,78400,0
2212-036-2,revision_or_duplicate,86400,0
2212-049,clean,141000,0
2212-050,clean,92200,0
2212-051,clean,65000,0
2212-052,clean,15800,0
2212-053,clean,80100,0
2212-054,clean,101000,0
2212-055,clean,55600,1
2212-056,clean,128000,0
2212-057,clean,117000,0
2212-058,clean,96000,0
2212-059,clean,220500,0
2212-060,clean,95000,0
2212-061,clean,104700,1
2212-062,clean,31200,0
2212-063,clean,252600,1
2212-064,clean,12500,1
2212-065,clean,5000,0
2212-066,clean,215600,0
2212-067,clean,34400,0
2212-068,clean,53000,1
2212-069,clean,36400,0
2301-001,clean,80200,0
2301-002,clean,44000,0
2301-003,clean,131000,0
2301-004,clean,40000,0
2301-005,clean,307000,1
2301-006,clean,26200,0
2301-007,clean,121000,0
2301-008,undocumented_discount,70000,0
2301-009,clean,112000,0
2301-010,clean,22400,0
2301-011,clean,166500,0
2301-012,clean,57000,0
2301-013,clean,118200,0
2301-014,clean,113200,0
2301-015,clean,319200,1
2301-016,clean,5000,0
2301-017,clean,160400,0
2301-018,clean,121000,0
2301-019,clean,104000,0
2301-020,clean,94600,0
2301-021,clean,108000,1
2301-022,clean,5000,0
2301-023,clean,77000,0
2301-024,clean,91200,1
2301-025,clean,73600,1
2301-026,clean,71000,0
2301-027,clean,26000,0
2301-028,clean,81000,0
2301-029,clean,120200,1
2301-030,clean,155000,1
2301-031,clean,79200,0
2301-032,unrecorded_surcharge,136000,0
2301-033,clean,186000,0
2301-034,clean,162900,0
2301-035,clean,247000,0
2301-036,clean,330800,0
2301-037,clean,46400,0
2301-038,clean,48700,0
2301-039,clean,7400,0
2301-040,clean,35900,0
2301-041,clean,151400,1
2301-042,clean,176000,0
2301-043,clean,15500,0
2301-044,clean,174000,0
2301-045,clean,9200,0
2301-046,clean,5000,0
2301-047,clean,13000,0
2301-048,clean,113000,0
2301-049,clean,171200,0
2301-050,clean,120000,0
2301-051,clean,257400,1
2301-052,clean,14100,0
2301-053,clean,50300,0
2301-054,clean,74000,0
2301-055,clean,134400,0
2302-001,clean,163000,0
2302-002,clean,166600,0
2302-003,clean,30700,0
2302-004,clean,14900,1
2302-005,clean,55700,0
2302-006,clean,190300,0
2302-007,clean,78000,0
2302-008,clean,124300,0
2302-009,clean,203500,0
2302-010,clean,255800,0
2302-011,clean,19400,0
2302-012,clean,76200,0
2302-013,clean,69300,0
2302-014,clean,91800,1
2302-015,clean,31600,0
2302-016,clean,33800,1
2302-017,clean,41400,1
2302-018,clean,106000,0
2302-019,clean,128000,0
2302-020,clean,402800,1
2302-021,clean,103000,0
2302-022,clean,31000,0
2302-023,clean,187000,0
2302-024,clean,28000,0
2302-025,clean,16200,0
2302-026,clean,7100,0
2302-027,copied_rate,38000,0
2302-025-2,clean,16200,0
2302-028,clean,34000,0
2302-029,clean,146000,0
2302-030,clean,273800,0
2302-031,clean,104300,0
2302-032,clean,8500,0
2302-033,clean,77200,0
2302-034,clean,10600,0
2302-035,clean,256900,0
2303-001,clean,144600,1
2303-002,clean,35400,0
2303-003,clean,64000,0
2303-004,clean,45000,0
2303-005,clean,179500,0
2303-006,clean,38000,0
2303-007,clean,47300,0
2303-008,clean,55000,0
2303-009,clean,140400,0
2303-010,clean,76000,0
2303-011,clean,151000,0
2303-012,clean,50000,1
2303-013,clean,33400,0
2303-014,clean,271000,0
2303-015,clean,115900,0
2303-016,clean,171900,0
2303-017,clean,88000,0
2303-018,clean,83900,1
2303-019,clean,51000,0
2303-020,clean,114000,0
2303-021,clean,12500,0
2303-022,clean,254200,0
2303-023,clean,132300,0
2303-024,clean,107100,0
2303-025,clean,97000,1
2303-026,typo,257000,0
2303-027,clean,54000,1
2303-028,clean,119000,1
2303-029,clean,119200,0
2303-030,clean,151000,0
2303-031,clean,78000,0
2303-032,clean,107000,1
2303-033,clean,141000,0
2303-034,clean,81000,0
2303-035,clean,139000,1
2303-036,clean,142800,0
2303-037,clean,180900,0
2303-038,clean,90300,0
2303-039,clean,52200,0
2303-040,clean,94700,1
2303-041,undocumented_discount,70000,0
2303-042,clean,171400,1
2303-043,clean,10000,0
2303-044,clean,98800,0
2303-045,clean,145200,1
2303-046,clean,187600,0
2303-047,clean,5000,0
2303-048,clean,143200,0
2303-049,clean,234000,0
2303-050,clean,32500,0
2303-051,clean,345400,1
2303-052,clean,258600,0
2303-053,clean,207000,0
2303-054,clean,149000,1
2303-055,clean,81400,1
2303-056,clean,97000,0
2303-057,clean,93500,1
2303-058,clean,70100,1
2304-001,clean,99100,1
2304-002,clean,122000,1
2304-003,clean,69700,0
2304-004,clean,65000,0
2304-005,clean,59800,0
2304-006,unexplained,10500,0
2304-007,clean,5000,0
2304-008,clean,39400,0
2304-009,clean,30300,0
2304-010,clean,76000,0
2304-011,clean,106400,0
2304-012,clean,45000,0
2304-013,clean,11100,0
2304-014,clean,138800,0
2304-015,clean,29400,0
2304-016,clean,166000,0
2304-017,clean,43000,0
2304-018,clean,144000,0
2304-019,clean,155000,0
2304-020,clean,118300,1
2304-021,clean,43400,0
2304-022,clean,133000,0
2304-023,clean,78500,1
2304-024,clean,78000,0
2304-025,clean,111900,0
2304-026,clean,36000,0
2304-027,clean,60300,0
2304-028,clean,5000,0
2304-029,clean,28400,0
2304-030,clean,51000,0
2304-031,clean,88800,1
2304-032,clean,194000,0
2304-033,clean,165400,0
2304-034,clean,162000,0
2304-035,copied_rate,169400,0
2304-036,clean,282000,0
2304-037,clean,17400,0
2304-038,clean,34000,0
2304-036-2,revision_or_duplicate,282000,0
2304-039,clean,65000,0
2304-040,clean,270000,0
2304-028-2,clean,5000,0
2304-041,clean,128300,0
2304-042,clean,134000,0
2304-043,clean,69000,0
2304-044,clean,93000,0
2304-045,clean,116000,0
2304-046,undocumented_discount,70300,0
2304-047,copied_rate,7300,0
2304-048,clean,132000,0
2304-049,clean,193000,0
2304-050,clean,147400,0
2304-051,clean,80600,0
2304-052,clean,48600,0
2305-001,clean,100000,0
2305-002,clean,209000,0
2305-003,clean,155000,0
2305-004,clean,180800,0
2305-005,clean,133000,0
2305-006,clean,56000,0
2304-045-2,revision_or_duplicate,116000,0
2305-007,clean,102000,1
2305-008,clean,107000,0
2305-009,copied_rate,7100,0
2305-010,clean,116000,0
2305-011,clean,45000,0
2305-012,clean,129600,1
2305-013,clean,25800,0
2305-014,copied_rate,5400,1
2305-015,clean,184700,1
2305-016,clean,71500,0
2305-017,clean,25000,0
2305-018,clean,168500,0
2305-019,clean,124600,0
2305-020,clean,5000,1
2305-021,clean,121000,1
2305-022,clean,81800,0
2305-023,clean,109000,0
2305-024,clean,22400,0
2305-025,clean,130000,1
2305-026,clean,130000,0
2305-027,clean,106000,0
2305-028,clean,5000,0
2305-029,clean,11000,0
2305-030,clean,41600,0
2305-031,clean,85000,0
2305-032,clean,7000,0
2305-033,clean,222500,0
2305-034,clean,5000,0
2305-035,clean,40600,0
2305-036,clean,120600,1
2305-037,clean,11000,0
2305-038,clean,41000,0
2305-039,clean,139200,0
2305-040,clean,167700,0
2305-041,clean,42100,0
2305-042,clean,145000,0
2305-043,clean,55000,1
2305-044,clean,5000,0
2305-045,clean,52500,0
2305-046,clean,156000,0
2305-047,clean,83800,0
2305-048,clean,90000,1
2305-049,clean,173400,1
2305-050,undocumented_discount,100000,0
2305-051,clean,5000,0
2305-052,undocumented_discount,72700,0
2305-053,clean,5000,0
2305-054,clean,169900,1
2305-055,clean,145700,0
2305-056,clean,83600,0
2305-057,clean,50400,0
2305-058,clean,19200,0
2306-001,clean,156000,0
2306-002,clean,73300,0
2306-003,clean,66800,0
2306-004,clean,112400,0
2306-005,clean,53300,0
2306-006,clean,147600,0
2306-007,undocumented_discount,46800,0
2306-008,clean,24300,0
2306-009,clean,49800,0
2306-010,clean,47000,0
2306-011,clean,44200,0
2306-012,unexplained,184900,0
2306-013,clean,110800,0
2306-014,clean,74100,0
2306-015,clean,51700,0
2306-016,clean,187000,0
2306-017,clean,232300,0
2306-018,clean,223200,0
2306-019,clean,8200,0
2306-020,clean,106500,0
2306-021,clean,121000,0
2306-022,clean,116000,0
2306-023,clean,37700,0
2306-024,clean,78700,1
2306-025,clean,99000,0
2306-026,clean,55400,0
2306-027,clean,66400,0
2306-028,clean,5000,0
2306-029,clean,7000,0
2306-030,clean,102000,0
2306-031,clean,6000,1
2306-032,clean,82000,0
2306-033,clean,125000,0
2306-034,clean,46700,0
2306-035,clean,99000,0
2306-036,clean,220300,0
2306-037,clean,34700,0
2306-038,clean,95300,0
2306-039,clean,9900,0
2306-040,clean,11400,0
2306-041,clean,6500,0
2306-042,clean,44000,0
2306-043,clean,50000,0
2306-044,clean,550300,1
2306-045,clean,87200,0
2306-046,clean,49400,1
2306-047,clean,103400,0
2306-048,clean,157200,0
2306-049,clean,181000,0
2306-050,clean,216000,0
2306-051,clean,42000,1
2306-052,clean,22200,0
2306-053,clean,5000,1
2306-054,copied_rate,97500,0
2306-055,clean,217200,1
2307-001,clean,5000,1
2307-002,clean,5000,0
2307-003,clean,191100,0
2307-004,clean,183000,0
2307-005,clean,50900,0
2307-006,clean,69800,0
2307-007,clean,46400,0
2307-008,clean,104000,1
2306-053-2,clean,5000,1
2307-009,clean,130000,0
2307-010,clean,34000,0
2307-011,clean,10000,1
2307-012,clean,77500,1
2307-013,undocumented_discount,100000,0
2307-014,clean,133600,0
2307-015,clean,41200,0
2307-016,clean,41600,0
2307-017,clean,8500,0
2307-018,clean,52000,0
2307-019,clean,33400,0
2307-020,clean,115000,0
2307-021,clean,209000,0
2307-022,clean,30000,1
2307-023,clean,32400,1
2307-024,clean,108200,0
2307-025,clean,5000,0
2307-015-2,revision_or_duplicate,41200,0
2307-026,clean,135300,0
2307-027,clean,93000,0
2307-028,clean,81800,0
2307-029,clean,10200,0
2307-030,clean,40000,1
2307-031,clean,110400,0
2307-032,clean,50300,0
2307-033,clean,81000,0
2307-034,clean,5000,0
2307-035,clean,114600,0
2307-036,clean,107400,0
2307-037,clean,112900,0
2307-038,clean,5000,0
2307-039,clean,124300,0
2307-040,clean,71000,0
2307-041,clean,109100,0
2307-042,clean,87000,1
2307-043,clean,253600,0
2307-044,clean,5000,0
2307-045,clean,95000,0
2307-046,clean,31600,1
2307-047,clean,18000,0
2308-001,clean,80500,0
2308-002,clean,70800,0
2308-003,clean,132000,0
2308-004,clean,135800,0
2308-005,clean,5000,0
2308-006,clean,80200,0
2308-007,clean,38000,0
2308-008,clean,17400,0
2308-009,clean,127600,0
2308-010,clean,5000,0
2308-011,clean,23600,0
2308-012,clean,193000,0
2308-013,clean,28200,0
2308-014,clean,33000,0
2308-015,clean,124800,1
2308-016,clean,70000,1
2308-017,clean,143400,0
2308-018,undocumented_discount,132700,1
2308-019,clean,35600,0
2308-020,clean,5000,0
2308-021,clean,70700,0
2308-022,clean,331100,0
2308-023,clean,189000,0
2308-024,clean,116000,0
2308-025,clean,138100,0
2308-026,clean,48700,0
2308-027,clean,102500,1
2308-028,clean,128000,0
2308-029,clean,5000,0
2308-030,clean,51000,0
2308-031,clean,61100,1
2308-032,clean,51100,0
2308-020-2,clean,5000,0
2308-033,clean,24800,0
2308-034,clean,10400,0
2308-035,clean,41000,1
2308-036,clean,122100,0
2308-037,clean,57000,0
2308-038,clean,77000,0
2308-039,clean,48400,0
2308-040,clean,105000,0
2308-041,clean,145000,0
2308-042,clean,21000,0
2308-043,unrecorded_surcharge,57000,0
2308-044,clean,5000,0
2308-045,clean,109200,0
2308-046,clean,38900,0
2309-001,clean,22000,0
2309-002,clean,65000,0
2309-003,clean,46300,0
2309-004,clean,59000,1
2309-005,clean,113000,1
2309-006,clean,156000,0
2309-007,clean,5000,0
2309-008,clean,247000,0
2309-009,clean,249600,1
2309-010,clean,5600,0
2309-011,clean,5000,0
2309-012,clean,97000,0
2309-013,clean,123000,0
2309-014,clean,86000,1
2309-015,clean,112600,1
2309-016,clean,324000,0
2309-017,clean,67000,0
2308-043-2,revision_or_duplicate,57000,0
2309-018,clean,69400,0
2309-019,clean,85000,0
2309-020,clean,86600,0
2309-021,unrecorded_surcharge,159600,0
2309-022,clean,12800,0
2309-023,clean,65000,0
2309-024,clean,151200,0
2309-025,clean,80800,0
2309-026,clean,45000,0
2309-027,clean,35000,0
2309-028,clean,10000,0
2309-029,clean,99800,0
2309-030,clean,44000,0
2309-031,clean,60900,0
2309-032,clean,183000,0
2309-033,clean,242000,0
2309-034,clean,5000,0
2309-035,clean,29500,1
2309-036,clean,214400,0
2309-037,clean,41700,0
2309-038,clean,70600,0
2309-039,clean,12700,0
2309-040,clean,168000,0
2309-041,clean,8700,1
2309-042,clean,149600,0
2309-043,clean,131200,0
2309-044,clean,51200,1
2309-045,clean,5000,0
2309-046,clean,72800,0
2309-047,undocumented_discount,20000,1
2309-048,clean,116000,0
2309-049,clean,352100,1
2309-050,clean,122000,0
2309-051,clean,42400,0
2309-052,clean,35400,0
2309-053,clean,211000,0
2309-054,clean,93000,0
2309-055,clean,165000,0
2309-056,clean,5000,0
2309-057,clean,19200,0
2309-058,clean,76000,0
2310-001,clean,75900,0
2310-002,clean,133800,0
2310-003,clean,15000,0
2310-004,clean,154400,0
2310-005,clean,113000,0
2310-006,clean,47000,0
2310-007,clean,5000,0
2310-008,clean,80000,0
2310-009,clean,45200,0
2310-010,clean,54700,0
2310-011,clean,94000,0
2310-012,clean,38500,1
2310-013,clean,89700,0
2310-014,clean,208000,1
2310-015,clean,307500,1
2310-016,clean,82300,1
2310-017,clean,109000,0
2310-018,clean,265100,1
2310-019,clean,22800,0
2310-020,clean,10400,0
2310-021,clean,121400,0
2310-022,clean,94600,0
2310-023,clean,39800,0
2310-012-2,revision_or_duplicate,38500,1
2310-024,clean,69000,0
2310-025,clean,250800,0
2310-026,clean,351000,0
2310-027,clean,75000,0
2310-028,clean,97500,0
2310-029,clean,5000,0
2310-030,clean,24000,0
2310-031,clean,46500,1
2310-032,clean,96100,0
2310-033,clean,32800,0
2310-034,clean,123400,0
2310-035,clean,32000,0
2310-036,clean,247000,0
2310-037,clean,151700,0
2310-038,undocumented_discount,150000,0
2310-039,clean,153900,1
2310-040,clean,97900,0
2310-041,clean,16800,0
2310-042,clean,115000,0
2310-043,clean,85500,0
2310-044,clean,145000,0
2310-045,clean,42000,0
2310-046,clean,88000,0
2310-047,clean,210100,0
2310-048,copied_rate,68000,0
2310-049,clean,134300,1
2310-050,clean,324400,0
2310-051,clean,7000,0
2310-052,clean,81800,0
2310-053,clean,101500,0
2310-054,clean,45600,0
2310-055,clean,30000,0
2310-056,clean,172000,0
2311-001,clean,16300,0
2311-002,clean,80000,0
2311-003,clean,79400,0
2311-004,clean,157000,0
2311-005,clean,63500,1
2311-006,clean,169000,0
2311-007,clean,9000,0
2311-008,clean,74000,0
2311-009,clean,86000,0
2311-010,clean,107000,1
2311-011,clean,156000,0
2311-012,clean,411000,0
2311-013,clean,157200,0
2311-014,clean,117700,0
2311-015,clean,165000,1
2311-016,clean,41900,1
2311-017,clean,157000,0
2311-018,clean,14000,0
2311-019,clean,125500,0
2311-020,clean,191000,0
2311-021,clean,25000,0
2311-022,clean,40000,0
2311-023,clean,154100,0
2311-024,clean,102800,0
2311-025,clean,71400,0
2311-026,clean,29200,0
2311-027,clean,53000,1
2311-028,clean,266000,0
2311-029,clean,123700,0
2311-030,clean,68000,0
2311-031,clean,72700,1
2311-032,clean,93000,0
2311-033,clean,132700,0
2311-034,clean,27000,0
2311-035,clean,44400,0
2311-036,clean,69700,0
2311-037,clean,89000,0
2311-038,clean,64000,0
2311-039,clean,188700,0
2311-040,clean,137000,0
2311-041,clean,69000,0
2311-042,clean,101000,0
2311-043,clean,121000,0
2311-044,clean,133600,0
2311-045,clean,5000,1
2311-046,clean,188100,0
2311-047,clean,134000,1
2311-048,clean,158900,0
2311-049,clean,137000,1
2311-050,clean,142100,0
2311-051,clean,157200,0
2311-052,clean,62000,0
2312-001,copied_rate,150800,0
2312-002,clean,11800,0
2312-003,clean,103000,0
2312-004,clean,141600,0
2312-005,rounding_inconsistency,55000,0
2312-006,clean,206000,0
2312-007,typo,43800,0
2312-008,clean,179000,1
2312-009,clean,81400,0
2312-010,clean,128000,1
2312-011,clean,287000,0
2312-012,clean,140000,0
2312-013,clean,61600,0
2312-014,clean,108000,0
2312-015,clean,113000,0
2312-016,clean,49600,0
2312-017,clean,39400,0
2312-018,clean,122000,0
2312-019,clean,67400,1
2312-020,clean,134000,0
2312-021,clean,17000,1
2312-022,clean,27600,0
2312-023,clean,20200,0
2312-024,clean,15000,0
2312-025,clean,133700,0
2312-026,clean,87500,0
2312-027,clean,58800,0
2312-028,unrecorded_surcharge,27400,0
2312-029,clean,76000,0
2312-030,clean,72800,0
2312-031,clean,202200,0
2312-032,typo,172000,0
2312-033,clean,48200,0
2312-034,clean,270000,0
2312-035,clean,6800,0
2312-036,clean,95900,0
2312-037,clean,81600,0
2312-038,clean,55000,0
2312-039,clean,86800,0
2312-040,clean,170400,0
2312-041,clean,69800,0
2312-042,clean,137400,0
2312-043,clean,97900,0
2312-044,clean,200400,1
2312-045,clean,112000,0
2312-046,clean,44200,0
2312-047,clean,5000,0
2312-048,clean,185000,0
2312-049,clean,35500,0
2312-050,clean,7200,0
2312-051,clean,81000,0
2312-052,clean,27700,0
2312-053,clean,63600,0
2312-054,copied_rate,47000,0
2312-055,clean,176600,1
2312-056,clean,33800,1
2312-057,undocumented_discount,97600,0
2312-058,clean,88900,0
2312-059,clean,48200,0
2312-060,clean,22600,0
2312-061,clean,19100,0
2312-062,clean,24500,0
2312-063,clean,146000,0
2312-064,clean,59600,0
2312-065,clean,223600,0
2312-066,clean,43200,0
2312-067,clean,117700,0
2312-068,clean,6700,0
2312-069,clean,135000,0
2312-070,clean,5000,0
2312-071,clean,19200,0
2312-072,clean,5000,0
2312-073,clean,48900,0
2312-074,clean,102200,0
2312-075,clean,151400,0
2401-001,clean,67000,0
2401-002,clean,143000,1
2401-003,clean,38900,0
2401-004,clean,38000,0
2401-005,clean,81000,1
2401-006,clean,246000,1
2401-007,undocumented_discount,30000,0
2401-008,clean,132700,0
2401-009,clean,114100,0
2401-010,clean,75500,1
2401-011,clean,106200,0
2401-012,clean,102500,0
2401-013,clean,143000,0
2401-014,clean,81200,0
2401-015,clean,21100,0
2401-016,clean,104000,0
2401-017,clean,46000,0
2401-018,clean,232000,0
2401-019,clean,7500,0
2401-020,typo,27400,0
2401-021,clean,86800,0
2401-022,clean,44800,0
2401-023,clean,68500,0
2401-024,clean,103900,0
2401-025,undocumented_discount,20000,0
2401-026,clean,59000,0
2401-027,clean,226500,1
2401-028,clean,99000,0
2401-029,clean,101000,0
2401-030,clean,148300,0
2401-031,clean,16800,0
2401-032,clean,14900,0
2401-033,clean,30200,0
2401-034,clean,171600,0
2401-035,clean,25900,0
2401-036,clean,191000,0
2401-037,clean,170200,0
2401-038,clean,88600,0
2401-039,clean,82200,0
2401-040,clean,481600,1
2401-041,clean,81900,0
2401-042,clean,41000,0
2401-043,clean,71600,0
2401-044,clean,73400,0
2401-045,clean,508200,1
2401-046,clean,88600,0
2401-047,clean,55400,0
2401-048,clean,64200,0
2401-049,clean,6000,0
2401-050,clean,148000,1
2401-051,clean,76200,0
2401-052,clean,65000,0
2401-053,clean,70600,0
2401-054,clean,50900,1
2401-055,clean,121000,0
2401-056,clean,36000,0
2401-057,clean,151000,0
2402-001,clean,5000,0
2402-002,clean,132200,0
2402-003,clean,93000,1
2402-004,clean,319000,1
2402-005,clean,5000,0
2402-006,clean,223300,0
2402-007,clean,73200,0
2402-008,clean,6700,0
2402-009,clean,27000,0
2402-010,clean,57500,1
2402-011,clean,128900,1
2402-012,clean,89500,0
2402-013,clean,195000,0
2402-014,clean,80000,0
2402-015,clean,102900,0
2402-016,clean,103800,1
2402-017,clean,48000,0
2402-018,clean,16100,0
2402-019,clean,43000,0
2402-020,clean,58000,1
2402-021,clean,91300,0
2402-022,clean,5000,0
2402-023,clean,5000,0
2402-024,clean,90000,0
2402-025,clean,43200,0
2402-026,clean,46000,0
2402-027,clean,43500,0
2402-028,clean,8000,0
2402-029,clean,534000,1
2402-030,clean,322000,0
2402-031,clean,62200,0
2402-032,clean,8600,0
2402-033,clean,267000,0
2402-034,clean,227000,0
2402-035,clean,62200,0
2402-031-2,revision_or_duplicate,62200,0
2402-036,clean,152000,0
2402-037,clean,72000,0
2402-038,clean,155000,0
2402-039,clean,244700,1
2402-040,clean,174400,0
2402-041,clean,69700,0
2402-042,clean,151000,1
2402-043,clean,399000,1
2402-044,clean,186200,0
2402-045,clean,85000,0
2402-046,clean,520000,1
2402-047,clean,29200,0
2402-048,clean,36000,0
2403-001,clean,221500,1
2403-002,clean,146000,0
2403-003,clean,140300,1
2403-004,clean,18000,0
2403-005,clean,122200,0
2403-006,clean,21400,0
2403-007,clean,98000,0
2403-008,clean,5000,0
2403-009,clean,88600,1
2403-010,clean,5000,0
2403-011,clean,5200,1
2403-012,clean,115400,0
2403-013,clean,10500,0
2403-014,clean,120000,0
2403-015,undocumented_discount,20000,0
2403-016,clean,178000,0
2403-017,clean,116800,1
2403-018,clean,5000,0
2403-019,clean,16600,0
2403-020,clean,57000,0
2403-021,clean,51000,0
2403-022,clean,90000,0
2403-023,clean,111000,0
2403-024,clean,128000,0
2403-025,clean,226000,0
2403-026,clean,52500,0
2403-027,clean,45000,0
2403-028,clean,69000,0
2403-029,clean,85000,1
2403-030,clean,71000,0
2403-031,clean,102900,0
2403-032,clean,53000,0
2403-033,clean,166000,0
2403-034,clean,161800,0
2403-035,clean,18600,0
2403-036,clean,8400,0
2403-037,clean,71700,0
2403-038,clean,32800,0
2403-039,clean,31600,0
2403-040,clean,74000,0
2403-041,clean,96800,1
2403-042,clean,50100,0
2403-043,clean,158000,0
2403-025-2,revision_or_duplicate,226000,0
2403-044,clean,74000,0
2403-045,clean,34000,0
2403-046,clean,20000,0
2403-047,clean,133000,0
2403-048,clean,107000,0
2403-049,clean,74800,0
2403-050,clean,208000,0
2403-051,clean,8500,0
2403-052,clean,117100,0
2403-053,clean,142000,0
2403-054,clean,85300,0
2403-055,clean,75400,1
2403-056,clean,41000,0
2403-057,clean,149600,0
2403-058,clean,108200,0
2403-059,clean,12400,0
2404-001,clean,42500,0
2404-002,clean,127400,0
2404-003,clean,111000,0
2404-004,clean,28200,0
2404-005,clean,178700,0
2404-006,clean,142100,1
2404-007,clean,169100,0
2404-008,clean,123800,0
2404-009,clean,31400,0
2404-010,clean,58000,0
2404-011,clean,5400,0
2404-012,clean,92700,0
2404-013,clean,5600,0
2404-014,clean,126000,0
2404-015,clean,232900,1
2404-016,rounding_inconsistency,56700,0
2404-017,clean,82900,0
2404-018,clean,75000,0
2404-019,clean,26000,0
2404-020,clean,9500,0
2404-021,clean,29000,0
2404-022,clean,12500,1
2404-023,clean,104000,0
2404-024,clean,61000,0
2404-025,clean,118800,1
2404-026,clean,114000,0
2404-002-2,clean,127400,0
2404-027,clean,61600,0
2404-028,clean,49000,0
2404-029,clean,238000,0
2404-030,clean,86300,0
2404-031,clean,192600,0
2404-032,clean,50800,0
2404-033,clean,107500,0
2404-034,clean,106400,0
2404-035,clean,33000,0
2404-036,clean,264000,0
2404-037,clean,53600,0
2404-038,clean,80000,0
2404-039,clean,173000,0
2404-040,clean,75200,0
2404-041,clean,341000,0
2404-042,clean,114000,0
2404-043,clean,74900,0
2404-044,clean,95000,0
2404-045,clean,53000,1
2404-046,clean,190900,0
2404-047,clean,68000,0
2404-048,clean,96000,1
2404-049,clean,5000,0
2404-050,clean,46000,1
2404-051,clean,6400,0
2404-052,clean,92900,0
2404-053,clean,16800,0
2404-054,clean,83000,0
2404-055,clean,81600,1
2404-056,unexplained,117900,0
2404-057,clean,200800,0
2405-001,clean,147000,0
2405-002,clean,88000,1
2405-003,clean,71000,1
2405-004,clean,45600,1
2405-005,clean,138300,0
2405-006,clean,72700,0
2405-007,clean,16800,0
2405-008,clean,65000,0
2405-009,clean,32000,0
2405-010,clean,36000,0
2405-011,clean,104500,0
2405-012,clean,52600,0
2405-013,clean,14000,0
2404-057-2,clean,200800,0
2405-014,clean,19400,0
2405-015,clean,124900,0
2405-016,clean,12800,0
2405-017,clean,71800,0
2405-018,clean,41000,0
2405-019,clean,173000,0
2405-020,clean,141000,0
2405-021,clean,176000,0
2405-022,clean,156000,0
2405-023,clean,108000,0
2405-024,clean,244000,0
2405-025,clean,37000,0
2405-026,clean,116700,0
2405-027,copied_rate,64300,0
2405-028,clean,166000,0
2405-029,clean,99500,0
2405-030,clean,105200,0
2405-031,clean,243100,0
2405-032,clean,199400,1
2405-033,clean,174400,0
2405-034,clean,52100,1
2405-035,clean,121000,0
2405-036,clean,243700,0
2405-037,clean,97300,0
2405-038,clean,144400,0
2405-039,clean,65200,0
2405-040,clean,26000,0
2405-041,clean,120000,0
2405-042,clean,28500,0
2405-009-2,revision_or_duplicate,32000,0
2405-043,clean,12200,0
2405-044,clean,64100,0
2405-045,clean,120300,1
2405-046,clean,47900,0
2405-047,clean,134100,1
2405-048,clean,95200,0
2405-049,typo,61000,0
2405-050,typo,39400,0
2405-051,clean,54000,0
2405-052,clean,156000,0
2405-053,clean,153500,0
2405-054,clean,178000,0
2405-055,clean,168000,0
2406-001,clean,328800,0
2406-002,clean,97000,0
2406-003,clean,74200,1
2406-004,clean,88200,0
2406-005,clean,63100,0
2406-006,clean,94700,0
2406-007,clean,100500,0
2406-008,clean,53800,0
2406-009,clean,51000,0
2406-010,clean,67700,0
2406-011,clean,161000,0
2406-012,clean,178000,0
2406-013,clean,11000,1
2406-014,clean,27300,0
2406-015,clean,160600,0
2406-016,clean,123600,1
2406-017,clean,121500,0
2406-018,clean,90200,0
2406-019,clean,106000,0
2406-020,clean,188000,0
2406-021,clean,34000,0
2406-022,clean,68000,1
2406-023,clean,94000,0
2406-024,clean,69500,0
2406-025,clean,69800,1
2406-026,clean,71100,0
2406-027,clean,159000,0
2406-028,clean,86900,0
2406-029,clean,147300,0
2406-030,clean,84600,0
2406-031,clean,499100,0
2406-032,unexplained,101600,0
2406-033,clean,22800,0
2406-034,clean,32700,0
2406-035,clean,5000,0
2406-036,clean,77400,0
2406-037,clean,336000,0
2406-038,clean,92200,0
2406-039,clean,77000,0
2406-040,clean,138400,0
2406-041,clean,113200,0
2406-042,clean,42800,0
2406-043,clean,50500,0
2406-044,clean,55100,1
2406-045,clean,35900,0
2406-046,clean,245500,1
2406-047,clean,66800,1
2406-048,clean,101900,0
2406-049,clean,220000,0
2406-050,clean,125600,1
2406-051,clean,129000,1
2406-052,clean,54600,0
2406-053,clean,270300,0
2406-054,clean,134000,0
2406-055,clean,128200,0
2406-056,clean,29800,0
2406-057,clean,112000,1
2406-058,clean,193000,0
2406-059,clean,95100,0
2406-060,clean,75000,0
2406-061,clean,114000,0
2406-062,clean,119500,0
2406-063,clean,94700,0
2406-064,clean,5000,1
2406-065,clean,17800,0
2406-066,undocumented_discount,100000,0
2407-001,clean,172000,0
2407-002,clean,187600,0
2407-003,clean,27100,0
2407-004,clean,89000,1
2407-005,clean,76200,0
2407-006,clean,108000,0
2407-007,clean,63000,0
2407-008,clean,35200,0
2407-009,clean,17000,0
2407-010,clean,66600,0
2407-011,clean,118200,0
2407-012,clean,93100,0
2407-013,clean,5000,1
2407-014,clean,102000,0
2407-015,clean,232600,1
2407-016,clean,81000,0
2407-017,clean,6000,0
2407-018,clean,67300,0
2407-019,clean,25500,0
2407-020,clean,39300,1
2407-021,clean,290000,1
2407-022,clean,166000,0
2407-023,clean,37000,0
2407-024,clean,5000,0
2407-025,clean,81300,0
2407-026,clean,32400,0
2407-027,clean,136200,1
2407-028,clean,103400,0
2407-029,clean,55900,0
2407-030,clean,6700,1
2407-031,clean,150000,0
2407-032,clean,54800,0
2407-033,clean,6000,0
2407-034,clean,36700,0
2407-035,clean,7200,0
2407-036,clean,92000,0
2407-037,clean,17200,0
2407-038,clean,57600,0
2407-039,clean,82400,1
2407-040,clean,57600,0
2407-041,clean,96200,0
2407-042,clean,10600,0
2407-043,clean,35000,0
2407-044,clean,109000,0
2407-045,clean,95000,0
2407-046,clean,80200,0
2407-047,clean,81000,0
2407-048,clean,131000,0
2407-049,clean,90200,0
2407-050,clean,5000,0
2407-051,clean,112800,0
2407-052,clean,244800,1
2408-001,clean,45900,0
2408-002,undocumented_discount,30000,0
2408-003,clean,126000,0
2408-004,clean,97000,0
2408-005,clean,200000,0
2408-006,clean,91000,0
2408-007,clean,175200,0
2408-008,clean,45500,0
2408-009,clean,15600,0
2408-010,clean,77000,0
2408-011,clean,118000,0
2408-012,clean,181000,0
2408-013,clean,85800,1
2408-014,clean,67000,0
2408-015,clean,44100,0
2408-016,clean,43000,0
2408-017,clean,113000,0
2408-018,clean,31900,0
2408-019,clean,5300,0
2408-020,clean,97000,0
2408-021,clean,46000,0
2408-022,clean,125000,0
2408-023,clean,131100,1
2408-024,clean,301900,0
2408-025,clean,267300,0
2408-026,clean,93900,1
2408-027,unrecorded_surcharge,16600,0
2408-028,clean,351000,0
2408-029,clean,169700,1
2408-030,clean,101000,0
2408-031,clean,135000,0
2408-032,clean,78000,0
2408-033,clean,167000,0
2408-034,clean,85000,0
2408-035,clean,9000,0
2408-036,clean,48600,0
2408-037,clean,145000,0
2408-038,clean,24300,0
2408-039,clean,13100,0
2408-040,clean,72100,0
2408-041,clean,90000,0
2408-042,clean,64000,1
2408-043,clean,185800,0
2408-044,clean,153000,0
2408-045,clean,6000,0
2408-046,clean,107600,0
2408-047,clean,6000,0
2408-048,clean,124000,0
2408-049,clean,32800,0
2408-050,clean,30600,0
2408-016-2,revision_or_duplicate,43000,0
2408-051,clean,143000,0
2408-052,clean,352800,0
2408-053,clean,176000,0
2408-054,clean,77200,0
2408-055,clean,227000,0
2408-056,clean,213600,0
2408-057,clean,27000,0
2408-058,clean,9900,0
2408-059,clean,45400,0
2408-060,clean,67600,0
2408-061,clean,103200,0
2408-062,clean,111200,1
2408-063,clean,136000,0
2408-064,clean,7800,0
2408-065,clean,39000,0
2408-066,clean,166000,0
2408-067,clean,68900,0
2408-068,clean,50600,0
2408-069,clean,59600,1
2408-070,clean,189000,0
2408-071,clean,11400,0
2408-072,clean,102000,0
2408-073,typo,179500,0
2408-074,clean,56000,0
2408-075,clean,128500,0
2408-076,clean,9100,0
2408-077,clean,247000,0
2408-078,clean,70800,0
2408-079,clean,192500,0
2409-001,clean,97000,0
2409-002,clean,118000,0
2409-003,clean,36200,0
2409-004,clean,99000,0
2409-005,clean,45700,0
2409-006,clean,35000,1
2409-007,clean,212500,0
2409-008,clean,114000,0
2409-009,clean,158600,0
2409-010,clean,106000,0
2409-011,clean,50200,0
2409-012,clean,249000,0
2409-013,unrecorded_surcharge,20800,0
2409-014,clean,69000,0
2409-015,clean,132000,0
2409-016,clean,56000,1
2409-017,clean,52000,0
2409-018,clean,88800,0
2409-019,clean,5000,0
2409-020,clean,130300,0
2409-021,clean,76200,1
2409-022,clean,173200,1
2409-023,clean,61000,0
2409-024,clean,36400,0
2409-025,clean,71500,0
2409-026,clean,76800,0
2409-027,clean,133000,0
2409-028,clean,133000,0
2409-029,undocumented_discount,190000,0
2409-030,clean,64200,0
2409-031,clean,33000,0
2409-032,clean,129400,0
2409-033,clean,148000,0
2409-034,clean,193600,0
2409-035,clean,65000,0
2409-036,clean,24000,0
2409-037,clean,169500,0
2409-038,clean,116000,0
2409-039,clean,116800,0
2409-040,clean,7000,0
2409-041,clean,203200,0
2409-042,clean,86300,0
2409-043,clean,245900,0
2409-044,clean,110300,0
2409-045,clean,70900,1
2410-001,clean,94100,1
2410-002,clean,178200,1
2410-003,clean,36100,0
2410-004,clean,80800,0
2410-005,clean,54400,0
2410-006,clean,89900,0
2410-007,clean,99400,1
2410-008,clean,175000,0
2410-009,clean,172700,1
2410-010,clean,201600,0
2410-011,clean,206800,0
2410-012,clean,5000,0
2410-013,clean,65000,0
2410-014,clean,52700,0
2410-015,stale_table,144100,0
2410-016,clean,55700,0
2410-017,stale_table,39200,0
2410-018,copied_rate,31000,0
2410-019,clean,261100,1
2410-020,clean,91200,0
2410-021,clean,39000,0
2410-022,clean,137500,0
2410-023,clean,83000,0
2410-024,clean,5000,0
2410-025,clean,82000,0
2410-026,clean,61800,0
2410-027,clean,206000,1
2410-028,clean,72400,0
2410-029,clean,349900,0
2410-030,clean,5000,0
2410-031,clean,102900,1
2410-032,clean,37000,0
2410-033,clean,311000,0
2410-034,clean,97000,0
2410-035,clean,208000,0
2410-036,clean,123000,0
2410-037,clean,114000,1
2410-038,clean,316800,0
2410-039,clean,105000,0
2410-040,clean,110700,0
2410-041,clean,79000,0
2410-042,clean,57400,0
2410-043,clean,80100,0
2410-044,clean,230800,1
2410-045,undocumented_discount,100000,0
2410-046,clean,235700,0
2410-047,clean,6700,0
2410-048,clean,7200,0
2410-049,clean,96700,0
2410-050,clean,54500,0
2410-051,clean,15000,0
2410-052,clean,168000,0
2410-053,clean,21300,0
2410-054,clean,194400,0
2410-055,clean,171400,0
2410-056,stale_table,50600,0
2410-057,stale_table,170000,0
2410-058,stale_table,7700,0
2410-059,clean,78200,0
2410-060,clean,70800,0
2410-061,clean,11000,0
2410-062,clean,165800,0
2410-063,clean,86300,0
2410-064,clean,63800,0
2410-065,clean,6700,0
2410-066,clean,76000,0
2410-067,clean,110000,0
2410-068,clean,142000,0
2410-069,unexplained,29000,1
2410-070,clean,92700,0
2411-001,clean,147800,0
2411-002,clean,106800,0
2411-003,clean,95900,1
2411-004,stale_table,78000,0
2411-005,stale_table,101000,0
2411-006,clean,91700,0
2410-050-2,revision_or_duplicate,54500,0
2411-007,clean,9300,0
2411-008,clean,43500,0
2411-009,clean,51600,1
2411-010,rounding_inconsistency,13800,1
2411-011,clean,255100,1
2411-012,clean,89000,0
2411-013,clean,131800,0
2411-014,clean,143000,0
2411-015,clean,78700,0
2411-016,rounding_inconsistency,87800,0
2411-017,clean,6400,0
2411-018,clean,96800,0
2411-019,clean,39000,0
2411-020,clean,56500,1
2411-021,clean,70600,0
2411-022,stale_table,25800,0
2411-023,clean,79500,1
2411-024,clean,31000,1
2411-025,clean,98300,0
2411-026,undocumented_discount,30000,0
2411-027,clean,38000,0
2411-028,clean,79000,0
2411-029,stale_table,106300,0
2411-030,clean,71000,0
2411-031,clean,311000,1
2411-032,clean,100100,0
2411-033,clean,60000,0
2411-034,clean,73200,1
2411-035,clean,102500,0
2411-036,clean,140400,0
2411-037,clean,87000,0
2411-038,clean,69400,1
2411-039,clean,80600,0
2411-040,clean,5000,0
2411-041,clean,36000,0
2411-042,clean,177000,0
2412-001,clean,11500,0
2412-002,clean,82900,1
2412-003,clean,119800,0
2412-004,clean,13800,0
2412-005,clean,141000,0
2412-006,clean,104600,0
2412-007,clean,52400,0
2412-008,clean,28000,0
2412-009,clean,65000,0
2412-010,clean,95000,0
2412-011,clean,9000,1
2412-012,clean,45000,0
2412-013,stale_table,128000,0
2412-014,stale_table,143200,0
2412-015,clean,151000,0
2412-016,clean,312900,1
2412-017,clean,14800,0
2412-018,clean,143900,1
2412-019,stale_table,52000,0
2412-020,clean,102800,0
2412-021,clean,52200,0
2412-022,clean,143000,0
2412-023,clean,122300,0
2412-024,clean,136200,1
2412-025,clean,52000,1
2412-026,clean,48000,0
2412-027,clean,17000,0
2412-028,clean,123000,0
2412-029,clean,7500,1
2412-030,clean,5000,0
2412-031,clean,195000,0
2412-032,stale_table,124000,0
2412-033,clean,178000,0
2412-034,clean,17100,1
2412-035,clean,122900,0
2412-036,clean,81000,0
2412-037,clean,67000,1
2412-038,clean,173000,0
2412-039,clean,14400,0
2412-040,undocumented_discount,73000,0
2412-041,clean,110700,0
2412-042,clean,224000,0
2412-043,clean,118300,0
2412-044,clean,138000,0
2412-045,clean,115600,0
2412-046,stale_table,13000,0
2412-047,clean,82800,0
2412-048,stale_table,65000,0
2412-049,clean,6200,0
2412-050,clean,53100,0
2412-051,clean,37500,0
2412-052,clean,124000,0
2412-053,clean,72200,0
2412-054,clean,119900,0
2412-052-2,clean,124000,0
2412-055,stale_table,286000,0
2412-056,clean,47400,0
2412-057,clean,14600,0
2412-058,clean,121200,0
2412-059,clean,36800,0
2412-060,clean,271000,0
2412-061,clean,33300,0
2412-062,clean,71700,0
2501-001,clean,194400,0
2501-002,unexplained,112300,0
2501-003,clean,97200,0
2501-004,clean,161600,0
2501-005,clean,28300,0
2501-006,clean,61900,0
2501-007,clean,109900,0
2501-008,clean,180900,0
2501-009,unrecorded_surcharge,8300,0
2501-010,clean,156000,1
2501-011,clean,144400,0
2501-012,clean,57700,0
2501-013,clean,162800,0
2501-014,stale_table,22400,0
2501-015,clean,107800,0
2501-016,clean,119800,0
2501-017,clean,69000,0
2501-018,stale_table,142700,0
2501-019,clean,51900,0
2501-020,clean,32000,0
2501-021,clean,148600,0
2501-022,clean,6900,0
2501-023,clean,97200,0
2501-024,clean,94100,0
2501-025,clean,39000,0
2501-026,clean,485900,1
2501-027,stale_table,28000,0
2501-028,clean,53600,0
2501-029,clean,118000,0
2501-030,clean,161000,0
2501-031,clean,11800,0
2501-032,clean,308700,0
2501-033,clean,140300,0
2501-034,clean,25000,0
2501-035,clean,334100,0
2501-036,clean,5000,1
2501-037,clean,56000,0
2501-038,clean,76600,0
2501-039,clean,441700,1
2501-040,clean,21000,0
2501-041,clean,88800,0
2501-042,clean,127000,1
2501-043,clean,134000,0
2501-044,clean,138300,0
2501-045,stale_table,85200,0
2501-046,clean,5000,0
2501-047,clean,147100,0
2501-048,clean,28000,0
2501-049,clean,32200,0
2501-050,clean,156000,0
2501-051,clean,460800,1
2501-052,copied_rate,184200,0
2501-053,rounding_inconsistency,109800,1
2501-034-2,revision_or_duplicate,25000,0
2501-054,clean,170800,0
2502-001,clean,105500,0
2502-002,clean,76000,0
2502-003,clean,86000,1
2502-004,clean,83700,0
2502-005,clean,171500,0
2502-006,clean,279200,1
2502-007,clean,44000,0
2502-002-2,clean,76000,0
2502-008,clean,115000,0
2502-009,clean,105700,1
2502-010,clean,168300,0
2502-011,clean,15000,1
2502-012,clean,9300,0
2502-013,clean,7200,0
2502-014,clean,218200,0
2502-015,clean,269000,0
2502-016,clean,127100,0
2502-017,clean,103100,0
2502-018,clean,316000,0
2502-019,clean,83600,0
2502-020,copied_rate,191400,1
2502-021,clean,111800,1
2502-022,clean,278900,0
2502-023,clean,235600,0
2502-024,clean,289000,0
2502-025,undocumented_discount,120000,0
2502-026,clean,86800,0
2502-027,clean,145200,0
2502-028,clean,118400,1
2502-029,clean,184600,0
2502-030,clean,57000,1
2502-031,clean,84700,0
2502-032,clean,170000,0
2502-033,clean,129100,0
2502-034,clean,142900,1
2502-035,clean,70000,0
2502-036,clean,5000,0
2502-037,clean,16800,0
2502-038,clean,50900,1
2502-039,unrecorded_surcharge,118000,0
2502-040,clean,85200,0
2502-041,clean,44100,0
2502-042,clean,276000,0
2502-043,clean,41200,0
2502-044,clean,27600,0
2502-045,clean,179200,0
2503-001,clean,85500,1
2503-002,clean,91000,0
2503-003,clean,110800,0
2503-004,clean,88700,1
2503-005,clean,140000,0
2503-006,clean,294800,0
2503-007,clean,34100,0
2503-008,clean,168400,1
2503-009,clean,66000,0
2503-010,clean,59000,0
2503-011,clean,86400,0
2503-012,clean,27200,0
2503-013,clean,27500,0
2503-014,typo,155700,0
2503-015,stale_table,69000,1
2503-016,clean,60000,0
2503-017,clean,99500,0
2503-018,clean,103000,0
2503-019,clean,134600,1
2503-020,clean,98500,0
2503-021,clean,353000,1
2503-022,clean,71000,0
2503-023,clean,8500,0
2503-024,clean,141000,0
2503-025,clean,158800,0
2503-026,clean,107400,1
2503-023-2,revision_or_duplicate,8500,0
2503-027,clean,19100,0
2503-028,clean,87000,0
2503-029,stale_table,33000,0
2503-030,clean,37400,0
2503-031,clean,133000,0
2503-032,clean,133800,0
2503-033,clean,117600,0
2503-034,clean,81200,0
2503-035,clean,134400,1
2503-036,clean,67300,0
2503-037,clean,9500,0
2503-038,clean,136000,0
2503-039,clean,5000,0
2503-040,clean,19500,0
2503-041,stale_table,184800,0
2503-042,clean,173000,0
2503-043,clean,72000,0
2503-044,clean,70600,1
2503-045,clean,35000,0
2503-046,clean,11000,0
2503-047,clean,144000,0
2503-048,clean,142000,1
2503-049,stale_table,146000,0
2503-050,unexplained,37500,1
2503-051,unrecorded_surcharge,174400,0
2503-052,clean,63400,0
2503-053,clean,286000,0
2503-054,stale_table,17400,0
2503-055,clean,123900,0
2503-056,undocumented_discount,330000,1
2503-057,clean,203000,0
2503-058,clean,149500,0
2503-059,clean,84000,0
2503-060,clean,75000,0
2503-061,clean,22500,0
2503-062,clean,116000,0
2503-063,clean,14100,0
2503-064,clean,29100,0
2504-001,clean,227700,0
2504-002,stale_table,7100,0
2504-003,clean,65300,1
2504-004,clean,16000,0
2504-005,clean,123500,0
2504-006,clean,8300,0
2504-007,clean,11100,0
2504-008,clean,118200,0
2504-009,clean,105000,0
2504-010,clean,445000,1
2504-011,clean,290600,0
2504-012,clean,183600,0
2504-013,clean,196200,0
2504-014,clean,104000,0
2504-015,clean,38200,0
2504-016,clean,104500,0
2504-017,clean,9000,0
2504-018,stale_table,170400,0
2504-019,clean,167000,0
2504-020,unrecorded_surcharge,46200,0
2504-021,clean,77600,0
2504-022,clean,8000,0
2504-023,stale_table,56500,0
2504-024,clean,22100,0
2504-025,clean,5000,0
2504-026,clean,59000,1
2504-027,clean,93200,0
2504-028,rounding_inconsistency,140700,0
2504-029,clean,43000,0
2504-030,clean,81500,1
2504-011-2,revision_or_duplicate,290600,0
2504-031,clean,44500,0
2504-032,clean,5400,0
2504-033,clean,76500,0
2504-034,clean,45100,1
2504-035,clean,198000,1
2504-036,clean,130000,0
2504-037,clean,220000,0
2504-038,clean,56100,1
2504-039,stale_table,11000,0
2504-040,undocumented_discount,160000,0
2504-041,clean,179000,0
2504-042,clean,266500,1
2504-043,clean,154800,1
2504-044,clean,27500,1
2504-045,clean,122000,0
2504-046,clean,15600,0
2504-047,clean,111000,0
2504-048,clean,85000,1
2504-049,clean,99100,0
2504-050,clean,6500,0
2504-051,clean,28000,0
2504-052,clean,258000,0
2504-053,clean,69800,0
2505-001,clean,158000,0
2505-002,stale_table,131000,0
2505-003,clean,205800,0
2505-004,clean,71700,0
2504-034-2,revision_or_duplicate,45100,1
2505-005,clean,197700,0
2505-006,clean,35800,0
2505-007,clean,259000,0
2505-008,clean,196300,1
2505-009,stale_table,195700,0
2505-010,clean,124300,0
2505-011,clean,198300,1
2505-012,clean,107800,0
2505-013,clean,45700,0
2505-014,clean,78300,0
2505-015,clean,50200,0
2505-016,clean,149800,1
2505-017,clean,85000,0
2505-018,clean,40300,0
2505-019,unexplained,37800,0
2505-020,clean,258000,0
2505-021,clean,229000,0
2505-022,clean,163000,0
2505-023,clean,44400,0
2505-024,stale_table,55300,0
2505-025,clean,64600,0
2505-005-2,clean,197700,0
2505-026,stale_table,98000,0
2505-027,clean,97000,0
2505-028,clean,137000,0
2505-029,clean,18000,0
2505-030,clean,52000,0
2505-031,clean,5000,0
2505-032,clean,114900,1
2505-033,clean,143200,1
2505-034,clean,35800,0
2505-035,clean,97500,0
2505-036,clean,37000,1
2505-037,clean,61300,1
2505-038,clean,237800,1
2505-039,clean,224300,0
2505-040,clean,242900,0
2505-041,clean,14000,0
2505-042,clean,135200,0
2505-043,clean,7000,0
2505-044,clean,173500,0
2505-045,clean,11300,0
2505-046,clean,52000,0
2505-047,clean,40700,0
2505-048,clean,75600,0
2505-049,clean,129500,0
2505-050,clean,113300,0
2505-051,clean,86000,1
2505-052,stale_table,242000,0
2505-053,clean,15000,1
2505-054,stale_table,50200,0
2505-055,clean,67800,1
2505-056,clean,28000,0
2505-057,clean,187100,1
2505-058,clean,95000,0
2505-059,clean,12000,1
2505-060,clean,141600,1
2505-061,clean,158700,0
2505-062,clean,104900,0
2505-063,unrecorded_surcharge,37900,0
2505-064,clean,59300,1
2505-065,clean,111700,0
2505-066,clean,113000,0
2505-067,clean,96300,0
2505-068,clean,91000,0
2506-001,clean,8500,0
2506-002,clean,62000,0
2506-003,clean,377100,1
2506-004,clean,142000,0
2506-005,clean,106500,0
2506-006,clean,29100,0
2506-007,clean,89400,0
2506-008,clean,6400,0
2506-009,clean,20900,0
2506-010,clean,184200,1
2506-011,clean,112100,0
2506-012,clean,289000,0
2506-013,clean,49500,0
2506-014,clean,190600,0
2506-015,clean,299000,0
2506-016,clean,108200,1
2506-017,clean,168000,0
2506-018,clean,88000,1
2506-019,clean,135600,0
2506-013-2,revision_or_duplicate,49500,0
2506-020,clean,67800,0
2506-021,clean,86400,0
2506-022,clean,95000,1
2506-023,clean,165800,1
2506-024,clean,94200,0
2506-025,clean,264200,1
2506-026,clean,99800,0
2506-027,clean,61000,1
2506-028,clean,130000,0
2506-029,clean,80500,0
2506-030,clean,62800,0
2506-031,clean,114900,0
2506-032,clean,94900,0
2506-033,clean,11600,0
2506-034,clean,110700,0
2506-035,clean,34700,0
2506-036,clean,87000,0
2506-037,clean,53600,0
2506-038,undocumented_discount,60000,0
2506-039,clean,140000,0
2506-040,clean,280000,0
2506-041,clean,137900,1
2506-042,clean,21600,0
2506-043,clean,16500,0
2506-044,clean,14700,0
2506-045,clean,101700,0
2506-046,clean,49400,0
2506-047,clean,366900,0
2506-048,clean,113300,0
2506-049,clean,76500,0
2506-050,clean,82700,0
2506-051,clean,25500,0
2506-052,clean,28700,0
2506-053,clean,14700,0
2506-038-2,revision_or_duplicate,60000,0
2506-054,clean,86300,0
2506-055,clean,8500,0
2506-056,clean,245000,0
2506-057,clean,11300,0
2506-058,clean,30300,0
2506-059,clean,34000,0
2506-060,clean,100400,0
2506-061,clean,85000,0
2507-001,clean,156000,0
2507-002,clean,32800,0
2507-003,clean,42900,0
2507-004,clean,65000,0
2507-005,clean,132000,0
2507-006,clean,95400,0
2507-007,clean,137000,0
2507-008,clean,92000,0
2507-009,clean,112800,0
2507-010,clean,80600,0
2507-011,clean,139000,0
2507-012,clean,48000,0
2507-013,clean,5000,0
2507-014,clean,22200,0
2507-015,clean,8000,0
2507-016,clean,268000,0
2507-017,clean,115000,0
2507-018,clean,105000,1
2507-019,clean,86400,0
2507-020,clean,5000,0
2507-021,clean,29500,1
2507-022,clean,15000,1
2507-023,clean,25200,0
2507-024,clean,96100,0
2507-025,clean,69000,0
2507-026,clean,78700,0
2507-027,clean,5000,0
2507-028,clean,74000,0
2507-020-2,clean,5000,0
2507-029,undocumented_discount,14800,0
2507-030,clean,171200,0
2507-031,clean,78300,0
2507-032,clean,288000,0
2507-033,clean,16000,0
2507-034,clean,30000,0
2507-035,clean,144000,1
2507-036,clean,108500,0
2507-037,clean,158000,0
2507-038,clean,102900,1
2507-039,clean,292000,0
2507-040,clean,138800,1
2507-041,clean,102300,1
2507-042,clean,5000,0
2507-043,clean,5000,0
2507-044,clean,59000,0
2507-045,clean,85000,0
2507-046,clean,180300,0
2507-047,clean,186000,0
2507-048,clean,38700,0
2507-030-2,clean,171200,0
2507-049,clean,45300,0
2507-050,clean,260600,0
2507-051,clean,86100,0
2508-001,clean,48000,0
2508-002,clean,150000,0
2508-003,clean,27000,0
2508-004,clean,31800,0
2508-005,clean,152400,0
2508-006,clean,96400,0
2508-007,clean,5900,0
2508-008,clean,56100,0
2508-009,clean,349000,0
2508-010,clean,12400,0
2508-011,clean,115400,0
2508-012,clean,246900,1
2508-013,clean,133400,1
2508-014,clean,5000,0
2508-015,clean,97100,0
2508-016,clean,72000,0
2508-017,clean,123000,0
2508-018,clean,351300,1
2508-019,clean,145000,0
2508-020,clean,74000,0
2508-021,clean,110000,0
2508-022,clean,79000,0
2508-023,clean,57100,0
2508-024,clean,5000,0
2508-025,clean,185000,0
2508-026,clean,53500,0
2508-027,clean,60100,0
2508-028,clean,294000,1
2508-029,clean,29500,0
2508-030,clean,134000,0
2508-031,clean,14000,0
2508-032,clean,155500,1
2508-033,clean,132000,0
2508-034,clean,60500,1
2508-035,clean,58800,0
2508-036,clean,32000,1
2508-037,clean,5000,0
2508-038,clean,74000,0
2508-039,clean,5000,0
2508-040,clean,24000,0
2508-041,clean,56400,0
2508-042,clean,60700,0
2508-043,clean,107000,0
2508-044,clean,134000,0
2508-045,clean,45000,0
2508-046,clean,103000,0
2508-047,clean,33600,0
2508-048,clean,65300,1
2508-049,clean,29700,0
2508-050,clean,41000,1
2508-051,clean,9000,1
2508-052,clean,221000,0
2508-053,clean,35600,0
2508-054,clean,115000,0
2508-055,clean,19000,0
2508-056,clean,55000,0
2508-057,clean,16600,0
2508-058,clean,114800,0
2508-059,clean,104000,0
2508-060,clean,97900,0
2508-061,clean,231800,0
2508-062,clean,32000,1
2508-063,clean,41000,0
2508-064,clean,88100,0
2509-001,clean,88200,0
2509-002,clean,89700,1
2509-003,clean,249100,1
2509-004,clean,39300,0
2509-005,clean,21000,0
2509-006,clean,109500,0
2509-007,clean,123400,0
2509-008,clean,152100,0
2509-009,clean,5000,0
2509-010,clean,279000,0
2509-011,clean,126000,0
2509-012,clean,27000,0
2509-013,clean,187000,1
2509-014,clean,128000,1
2509-015,clean,73600,0
2509-016,clean,64000,0
2509-017,clean,160000,0
2509-018,clean,5000,0
2509-019,clean,130000,0
2509-020,clean,110000,0
2509-021,copied_rate,190900,0
2509-022,clean,109600,0
2509-023,clean,150000,0
2509-024,clean,60200,0
2509-025,clean,105000,1
2509-026,clean,44700,0
2509-027,clean,133200,0
2509-028,clean,363800,1
2509-029,clean,12400,0
2509-030,clean,25200,0
2509-031,clean,378000,1
2509-032,clean,54000,0
2509-033,clean,184200,0
2509-034,clean,194200,0
2509-035,clean,47100,0
2509-036,clean,244000,0
2509-037,clean,172000,0
2509-038,clean,52000,0
2509-039,clean,9600,0
2509-038-2,revision_or_duplicate,52000,0
2509-040,clean,101000,0
2509-041,clean,142000,0
2509-042,clean,113600,0
2509-043,clean,21700,0
2509-044,clean,45500,0
2509-045,clean,5000,0
2509-046,clean,249000,0
2509-047,clean,61800,1
2509-048,clean,76400,0
2509-049,clean,169700,1
2509-050,clean,31700,0
