file,sheet,rows,quote_id,kind,note
messy/見積台帳_R5年度.xlsx,R5年4月,5,2304-001,ledger_row,remarks truncated
messy/見積台帳_R5年度.xlsx,R5年4月,6,2304-002,ledger_row,
messy/見積台帳_R5年度.xlsx,R5年4月,7,2304-003,ledger_row,
messy/見積台帳_R5年度.xlsx,R5年4月,8,2304-004,ledger_row,
messy/見積台帳_R5年度.xlsx,R5年4月,9,2304-005,ledger_row,
messy/見積台帳_R5年度.xlsx,R5年4月,10,2304-006,ledger_row,
messy/見積台帳_R5年度.xlsx,R5年4月,11,2304-007,ledger_row,
messy/見積台帳_R5年度.xlsx,R5年4月,12,2304-008,ledger_row,
messy/見積台帳_R5年度.xlsx,R5年4月,13,2304-009,ledger_row,
messy/見積台帳_R5年度.xlsx,R5年4月,14,2304-010,ledger_row,
messy/見積台帳_R5年度.xlsx,R5年4月,15,2304-011,ledger_row,
messy/見積台帳_R5年度.xlsx,R5年4月,16,2304-012,ledger_row,
messy/見積台帳_R5年度.xlsx,R5年4月,17,2304-013,ledger_row,
messy/見積台帳_R5年度.xlsx,R5年4月,18,2304-014,ledger_row,
messy/見積台帳_R5年度.xlsx,R5年4月,19,2304-015,ledger_row,amount cell reads 別紙参照
messy/見積台帳_R5年度.xlsx,R5年4月,20,2304-016,ledger_row,
messy/見積台帳_R5年度.xlsx,R5年4月,21,2304-017,ledger_row,
messy/見積台帳_R5年度.xlsx,R5年4月,22,2304-018,ledger_row,remarks truncated
messy/見積台帳_R5年度.xlsx,R5年4月,23,2304-019,ledger_row,
messy/見積台帳_R5年度.xlsx,R5年4月,24,2304-020,ledger_row,
messy/見積台帳_R5年度.xlsx,R5年4月,25,2304-021,ledger_row,
messy/見積台帳_R5年度.xlsx,R5年4月,26,2304-022,ledger_row,
messy/見積台帳_R5年度.xlsx,R5年4月,27,2304-023,ledger_row,
messy/見積台帳_R5年度.xlsx,R5年4月,28,2304-024,ledger_row,
messy/見積台帳_R5年度.xlsx,R5年4月,29,2304-025,ledger_row,remarks truncated
messy/見積台帳_R5年度.xlsx,R5年4月,30,2304-026,ledger_row,
messy/見積台帳_R5年度.xlsx,R5年4月,31,2304-027,ledger_row,
messy/見積台帳_R5年度.xlsx,R5年4月,32,2304-028,ledger_row,
messy/見積台帳_R5年度.xlsx,R5年4月,33,2304-029,ledger_row,
messy/見積台帳_R5年度.xlsx,R5年4月,34,2304-030,ledger_row,
messy/見積台帳_R5年度.xlsx,R5年4月,35,2304-031,ledger_row,
messy/見積台帳_R5年度.xlsx,R5年4月,36,2304-032,ledger_row,
messy/見積台帳_R5年度.xlsx,R5年4月,37,2304-033,ledger_row,
messy/見積台帳_R5年度.xlsx,R5年4月,38,2304-034,ledger_row,
messy/見積台帳_R5年度.xlsx,R5年4月,39,2304-035,ledger_row,
messy/見積台帳_R5年度.xlsx,R5年4月,40,2304-036,ledger_row,
messy/見積台帳_R5年度.xlsx,R5年4月,41,2304-037,ledger_row,
messy/見積台帳_R5年度.xlsx,R5年4月,42,2304-038,ledger_row,
messy/見積台帳_R5年度.xlsx,R5年4月,43,2304-039,ledger_row,
messy/見積台帳_R5年度.xlsx,R5年4月,44,2304-040,ledger_row,
messy/見積台帳_R5年度.xlsx,R5年4月,45,2304-041,ledger_row,
messy/見積台帳_R5年度.xlsx,R5年4月,46,2304-042,ledger_row,
messy/見積台帳_R5年度.xlsx,R5年4月,47,2304-043,ledger_row,
messy/見積台帳_R5年度.xlsx,R5年4月,48,2304-044,ledger_row,
messy/見積台帳_R5年度.xlsx,R5年4月,49,2304-045,ledger_row,
messy/見積台帳_R5年度.xlsx,R5年4月,50,2304-046,ledger_row,
messy/見積台帳_R5年度.xlsx,R5年4月,51,2304-047,ledger_row,
messy/見積台帳_R5年度.xlsx,R5年4月,52,2304-048,ledger_row,
messy/見積台帳_R5年度.xlsx,R5年4月,53,2304-049,ledger_row,
messy/見積台帳_R5年度.xlsx,R5年4月,54,2304-050,ledger_row,
messy/見積台帳_R5年度.xlsx,R5年4月,55,2304-051,ledger_row,
messy/見積台帳_R5年度.xlsx,R5年4月,56,2304-052,ledger_row,
messy/見積台帳_R5年度.xlsx,R5年4月,57,2304-053,ledger_row,
messy/見積台帳_R5年度.xlsx,R5年4月,58,2304-054,ledger_row,
messy/見積台帳_R5年度.xlsx,R5年4月,59,2304-055,ledger_row,
messy/見積台帳_R5年度.xlsx,R5年4月,60,2304-056,ledger_row,
messy/見積台帳_R5年度.xlsx,R5年4月,61,2304-057,ledger_row,
messy/見積台帳_R5年度.xlsx,R5年4月,62,2304-058,ledger_row,
messy/見積台帳_R5年度.xlsx,R5年4月,63,2304-059,ledger_row,
messy/見積台帳_R5年度.xlsx,R5年4月,64,2304-060,ledger_row,
messy/見積台帳_R5年度.xlsx,R5年4月,65,2304-061,ledger_row,
messy/見積台帳_R5年度.xlsx,R5年4月,66,2304-062,ledger_row,
messy/見積台帳_R5年度.xlsx,R5年4月,67,2304-063,ledger_row,
messy/見積台帳_R5年度.xlsx,R5年4月,68,2304-064,ledger_row,
messy/見積台帳_R5年度.xlsx,R5年4月,69,2304-065,ledger_row,
messy/見積台帳_R5年度.xlsx,R5年4月,70,2304-066,ledger_row,
messy/見積台帳_R5年度.xlsx,R5年4月,71,2304-067,ledger_row,remarks truncated
messy/見積台帳_R5年度.xlsx,R5年4月,72,2304-068,ledger_row,remarks truncated
messy/見積台帳_R5年度.xlsx,R5年5月,5,2305-001,ledger_row,
messy/見積台帳_R5年度.xlsx,R5年5月,6,2305-002,ledger_row,
messy/見積台帳_R5年度.xlsx,R5年5月,7,2305-003,ledger_row,
messy/見積台帳_R5年度.xlsx,R5年5月,8,2305-004,ledger_row,
messy/見積台帳_R5年度.xlsx,R5年5月,9,2305-005,ledger_row,
messy/見積台帳_R5年度.xlsx,R5年5月,10,2305-006,ledger_row,
messy/見積台帳_R5年度.xlsx,R5年5月,11,2305-007,ledger_row,
messy/見積台帳_R5年度.xlsx,R5年5月,12,2305-008,ledger_row,
messy/見積台帳_R5年度.xlsx,R5年5月,13,2305-009,ledger_row,
messy/見積台帳_R5年度.xlsx,R5年5月,14,2305-010,ledger_row,
messy/見積台帳_R5年度.xlsx,R5年5月,15,2305-011,ledger_row,
messy/見積台帳_R5年度.xlsx,R5年5月,16,2305-012,ledger_row,
messy/見積台帳_R5年度.xlsx,R5年5月,17,2305-013,ledger_row,
messy/見積台帳_R5年度.xlsx,R5年5月,18,2305-014,ledger_row,
messy/見積台帳_R5年度.xlsx,R5年5月,19,2305-015,ledger_row,
messy/見積台帳_R5年度.xlsx,R5年5月,20,2305-016,ledger_row,
messy/見積台帳_R5年度.xlsx,R5年5月,21,2305-017,ledger_row,
messy/見積台帳_R5年度.xlsx,R5年5月,22,2305-018,ledger_row,
messy/見積台帳_R5年度.xlsx,R5年5月,23,2305-019,ledger_row,
messy/見積台帳_R5年度.xlsx,R5年5月,24,2305-020,ledger_row,
messy/見積台帳_R5年度.xlsx,R5年5月,25,2305-021,ledger_row,
messy/見積台帳_R5年度.xlsx,R5年5月,26,2305-022,ledger_row,
messy/見積台帳_R5年度.xlsx,R5年5月,27,2305-023,ledger_row,
messy/見積台帳_R5年度.xlsx,R5年5月,28,2305-024,ledger_row,
messy/見積台帳_R5年度.xlsx,R5年5月,29,2305-025,ledger_row,
messy/見積台帳_R5年度.xlsx,R5年5月,30,2305-026,ledger_row,
messy/見積台帳_R5年度.xlsx,R5年5月,31,2305-027,ledger_row,
messy/見積台帳_R5年度.xlsx,R5年5月,32,2305-028,ledger_row,
messy/見積台帳_R5年度.xlsx,R5年5月,33,2305-029,ledger_row,
messy/見積台帳_R5年度.xlsx,R5年5月,34,2305-030,ledger_row,
messy/見積台帳_R5年度.xlsx,R5年5月,35,2305-031,ledger_row,remarks truncated
messy/見積台帳_R5年度.xlsx,R5年5月,36,2305-032,ledger_row,
messy/見積台帳_R5年度.xlsx,R5年5月,37,2305-033,ledger_row,
messy/見積台帳_R5年度.xlsx,R5年5月,38,2305-034,ledger_row,
messy/見積台帳_R5年度.xlsx,R5年5月,39,2305-035,ledger_row,
messy/見積台帳_R5年度.xlsx,R5年5月,40,2305-036,ledger_row,
messy/見積台帳_R5年度.xlsx,R5年5月,41,2305-037,ledger_row,
messy/見積台帳_R5年度.xlsx,R5年5月,42,2305-038,ledger_row,
messy/見積台帳_R5年度.xlsx,R5年5月,43,2305-039,ledger_row,
messy/見積台帳_R5年度.xlsx,R5年5月,44,2305-040,ledger_row,
messy/見積台帳_R5年度.xlsx,R5年5月,45,2305-041,ledger_row,
messy/見積台帳_R5年度.xlsx,R5年5月,46,2305-042,ledger_row,
messy/見積台帳_R5年度.xlsx,R5年5月,47,2305-043,ledger_row,
messy/見積台帳_R5年度.xlsx,R5年5月,48,2305-044,ledger_row,
messy/見積台帳_R5年度.xlsx,R5年5月,49,2305-045,ledger_row,
messy/見積台帳_R5年度.xlsx,R5年5月,50,2305-046,ledger_row,
messy/見積台帳_R5年度.xlsx,R5年5月,51,2305-047,ledger_row,
messy/見積台帳_R5年度.xlsx,R5年5月,52,2305-048,ledger_row,
messy/見積台帳_R5年度.xlsx,R5年5月,53,2305-049,ledger_row,
messy/見積台帳_R5年度.xlsx,R5年5月,54,2305-050,ledger_row,amount cell reads 別紙参照
messy/見積台帳_R5年度.xlsx,R5年5月,55,2305-051,ledger_row,
messy/見積台帳_R5年度.xlsx,R5年6月,5,2306-001,ledger_row,
messy/見積台帳_R5年度.xlsx,R5年6月,6,2306-002,ledger_row,
messy/見積台帳_R5年度.xlsx,R5年6月,7,2306-003,ledger_row,
messy/見積台帳_R5年度.xlsx,R5年6月,8,2306-004,ledger_row,
messy/見積台帳_R5年度.xlsx,R5年6月,9,2306-005,ledger_row,
messy/見積台帳_R5年度.xlsx,R5年6月,10,2306-006,ledger_row,
messy/見積台帳_R5年度.xlsx,R5年6月,11,2306-007,ledger_row,remarks truncated
messy/見積台帳_R5年度.xlsx,R5年6月,12,2306-008,ledger_row,
messy/見積台帳_R5年度.xlsx,R5年6月,13,2306-009,ledger_row,
messy/見積台帳_R5年度.xlsx,R5年6月,14,2306-010,ledger_row,
messy/見積台帳_R5年度.xlsx,R5年6月,15,2306-011,ledger_row,
messy/見積台帳_R5年度.xlsx,R5年6月,16,2306-012,ledger_row,
messy/見積台帳_R5年度.xlsx,R5年6月,17,2306-013,ledger_row,
messy/見積台帳_R5年度.xlsx,R5年6月,18,2306-014,ledger_row,
messy/見積台帳_R5年度.xlsx,R5年6月,19,2306-015,ledger_row,
messy/見積台帳_R5年度.xlsx,R5年6月,20,2306-016,ledger_row,
messy/見積台帳_R5年度.xlsx,R5年6月,21,2306-017,ledger_row,
messy/見積台帳_R5年度.xlsx,R5年6月,22,2306-018,ledger_row,
messy/見積台帳_R5年度.xlsx,R5年6月,23,2306-019,ledger_row,
messy/見積台帳_R5年度.xlsx,R5年6月,24,2306-020,ledger_row,
messy/見積台帳_R5年度.xlsx,R5年6月,25,2306-021,ledger_row,
messy/見積台帳_R5年度.xlsx,R5年6月,26,2306-022,ledger_row,
messy/見積台帳_R5年度.xlsx,R5年6月,27,2306-023,ledger_row,
messy/見積台帳_R5年度.xlsx,R5年6月,28,2306-024,ledger_row,
messy/見積台帳_R5年度.xlsx,R5年6月,29,2306-025,ledger_row,remarks truncated
messy/見積台帳_R5年度.xlsx,R5年6月,30,2306-026,ledger_row,
messy/見積台帳_R5年度.xlsx,R5年6月,31,2306-027,ledger_row,
messy/見積台帳_R5年度.xlsx,R5年6月,32,2306-028,ledger_row,
messy/見積台帳_R5年度.xlsx,R5年6月,33,2306-029,ledger_row,
messy/見積台帳_R5年度.xlsx,R5年6月,34,2306-030,ledger_row,
messy/見積台帳_R5年度.xlsx,R5年6月,35,2306-031,ledger_row,remarks truncated
messy/見積台帳_R5年度.xlsx,R5年6月,36,2306-032,ledger_row,
messy/見積台帳_R5年度.xlsx,R5年6月,37,2306-033,ledger_row,
messy/見積台帳_R5年度.xlsx,R5年6月,38,2306-034,ledger_row,
messy/見積台帳_R5年度.xlsx,R5年6月,39,2306-035,ledger_row,
messy/見積台帳_R5年度.xlsx,R5年6月,40,2306-036,ledger_row,
messy/見積台帳_R5年度.xlsx,R5年6月,41,2306-037,ledger_row,
messy/見積台帳_R5年度.xlsx,R5年6月,42,2306-038,ledger_row,
messy/見積台帳_R5年度.xlsx,R5年6月,43,2306-039,ledger_row,
messy/見積台帳_R5年度.xlsx,R5年6月,44,2306-040,ledger_row,
messy/見積台帳_R5年度.xlsx,R5年6月,45,2306-041,ledger_row,
messy/見積台帳_R5年度.xlsx,R5年6月,46,2306-042,ledger_row,
messy/見積台帳_R5年度.xlsx,R5年6月,47,2306-043,ledger_row,
messy/見積台帳_R5年度.xlsx,R5年6月,48,2306-044,ledger_row,
messy/見積台帳_R5年度.xlsx,R5年6月,49,2306-041-2,ledger_row,
messy/見積台帳_R5年度.xlsx,R5年6月,50,2306-045,ledger_row,
messy/見積台帳_R5年度.xlsx,R5年6月,51,2306-046,ledger_row,
messy/見積台帳_R5年度.xlsx,R5年6月,52,2306-047,ledger_row,
messy/見積台帳_R5年度.xlsx,R5年6月,53,2306-048,ledger_row,
messy/見積台帳_R5年度.xlsx,R5年6月,54,2306-049,ledger_row,
messy/見積台帳_R5年度.xlsx,R5年6月,55,2306-050,ledger_row,
messy/見積台帳_R5年度.xlsx,R5年6月,56,2306-051,ledger_row,
messy/見積台帳_R5年度.xlsx,R5年6月,57,2306-052,ledger_row,
messy/見積台帳_R5年度.xlsx,R5年6月,58,2306-053,ledger_row,
messy/見積台帳_R5年度.xlsx,R5年6月,59,2306-054,ledger_row,
messy/見積台帳_R5年度.xlsx,R5年6月,60,2306-055,ledger_row,
messy/見積台帳_R5年度.xlsx,R5年6月,61,2306-056,ledger_row,
messy/見積台帳_R5年度.xlsx,R5年6月,62,2306-057,ledger_row,
messy/見積台帳_R5年度.xlsx,R5年6月,63,2306-058,ledger_row,
messy/見積台帳_R5年度.xlsx,R5年6月,64,2306-059,ledger_row,
messy/見積台帳_R5年度.xlsx,R5年6月,65,2306-060,ledger_row,
messy/見積台帳_R5年度.xlsx,R5年7月,5,2307-001,ledger_row,
messy/見積台帳_R5年度.xlsx,R5年7月,6,2307-002,ledger_row,
messy/見積台帳_R5年度.xlsx,R5年7月,7,2307-003,ledger_row,
messy/見積台帳_R5年度.xlsx,R5年7月,8,2307-004,ledger_row,
messy/見積台帳_R5年度.xlsx,R5年7月,9,2307-005,ledger_row,
messy/見積台帳_R5年度.xlsx,R5年7月,10,2307-006,ledger_row,
messy/見積台帳_R5年度.xlsx,R5年7月,11,2307-007,ledger_row,
messy/見積台帳_R5年度.xlsx,R5年7月,12,2307-008,ledger_row,
messy/見積台帳_R5年度.xlsx,R5年7月,13,2307-009,ledger_row,
messy/見積台帳_R5年度.xlsx,R5年7月,14,2307-010,ledger_row,
messy/見積台帳_R5年度.xlsx,R5年7月,15,2307-011,ledger_row,
messy/見積台帳_R5年度.xlsx,R5年7月,16,2307-012,ledger_row,
messy/見積台帳_R5年度.xlsx,R5年7月,17,2307-013,ledger_row,
messy/見積台帳_R5年度.xlsx,R5年7月,18,2307-014,ledger_row,
messy/見積台帳_R5年度.xlsx,R5年7月,19,2307-015,ledger_row,
messy/見積台帳_R5年度.xlsx,R5年7月,20,2307-016,ledger_row,
messy/見積台帳_R5年度.xlsx,R5年7月,21,2307-017,ledger_row,
messy/見積台帳_R5年度.xlsx,R5年7月,22,2307-018,ledger_row,
messy/見積台帳_R5年度.xlsx,R5年7月,23,2307-019,ledger_row,
messy/見積台帳_R5年度.xlsx,R5年7月,24,2307-020,ledger_row,
messy/見積台帳_R5年度.xlsx,R5年7月,25,2307-021,ledger_row,
messy/見積台帳_R5年度.xlsx,R5年7月,26,2307-022,ledger_row,
messy/見積台帳_R5年度.xlsx,R5年7月,27,2307-023,ledger_row,
messy/見積台帳_R5年度.xlsx,R5年7月,28,2307-024,ledger_row,
messy/見積台帳_R5年度.xlsx,R5年7月,29,2307-025,ledger_row,
messy/見積台帳_R5年度.xlsx,R5年7月,30,2307-026,ledger_row,
messy/見積台帳_R5年度.xlsx,R5年7月,31,2307-027,ledger_row,
messy/見積台帳_R5年度.xlsx,R5年7月,32,2307-028,ledger_row,
messy/見積台帳_R5年度.xlsx,R5年7月,33,2307-029,ledger_row,
messy/見積台帳_R5年度.xlsx,R5年7月,34,2307-030,ledger_row,
messy/見積台帳_R5年度.xlsx,R5年7月,35,2307-031,ledger_row,
messy/見積台帳_R5年度.xlsx,R5年7月,36,2307-032,ledger_row,
messy/見積台帳_R5年度.xlsx,R5年7月,37,2307-033,ledger_row,
messy/見積台帳_R5年度.xlsx,R5年7月,38,2307-034,ledger_row,
messy/見積台帳_R5年度.xlsx,R5年7月,39,2307-035,ledger_row,
messy/見積台帳_R5年度.xlsx,R5年7月,40,2307-036,ledger_row,
messy/見積台帳_R5年度.xlsx,R5年7月,41,2307-037,ledger_row,
messy/見積台帳_R5年度.xlsx,R5年7月,42,2307-038,ledger_row,
messy/見積台帳_R5年度.xlsx,R5年7月,43,2307-039,ledger_row,
messy/見積台帳_R5年度.xlsx,R5年7月,44,2307-040,ledger_row,
messy/見積台帳_R5年度.xlsx,R5年7月,45,2307-041,ledger_row,
messy/見積台帳_R5年度.xlsx,R5年7月,46,2307-042,ledger_row,
messy/見積台帳_R5年度.xlsx,R5年7月,47,2307-043,ledger_row,
messy/見積台帳_R5年度.xlsx,R5年7月,48,2307-044,ledger_row,
messy/見積台帳_R5年度.xlsx,R5年7月,49,2307-045,ledger_row,
messy/見積台帳_R5年度.xlsx,R5年7月,50,2307-046,ledger_row,
messy/見積台帳_R5年度.xlsx,R5年7月,51,2307-047,ledger_row,
messy/見積台帳_R5年度.xlsx,R5年7月,52,2307-048,ledger_row,
messy/見積台帳_R5年度.xlsx,R5年7月,53,2307-049,ledger_row,
messy/見積台帳_R5年度.xlsx,R5年7月,54,2307-050,ledger_row,
messy/見積台帳_R5年度.xlsx,R5年7月,55,2307-051,ledger_row,
messy/見積台帳_R5年度.xlsx,R5年7月,56,2307-052,ledger_row,
messy/見積台帳_R5年度.xlsx,R5年7月,57,2307-053,ledger_row,
messy/見積台帳_R5年度.xlsx,R5年7月,58,2307-054,ledger_row,
messy/見積台帳_R5年度.xlsx,R5年7月,59,2307-055,ledger_row,
messy/見積台帳_R5年度.xlsx,R5年7月,60,2307-056,ledger_row,
messy/見積台帳_R5年度.xlsx,R5年7月,61,2307-057,ledger_row,
messy/見積台帳_R5年度.xlsx,R5年7月,62,2307-058,ledger_row,
messy/見積台帳_R5年度.xlsx,R5年7月,63,2307-059,ledger_row,remarks truncated
messy/見積台帳_R5年度.xlsx,R5年7月,64,2307-060,ledger_row,
messy/見積台帳_R5年度.xlsx,R5年7月,65,2307-061,ledger_row,
messy/見積台帳_R5年度.xlsx,R5年7月,66,2307-062,ledger_row,
messy/見積台帳_R5年度.xlsx,R5年7月,67,2307-063,ledger_row,
messy/見積台帳_R5年度.xlsx,R5年7月,68,2307-064,ledger_row,
messy/見積台帳_R5年度.xlsx,R5年7月,69,2307-065,ledger_row,
messy/見積台帳_R5年度.xlsx,R5年7月,70,2307-066,ledger_row,
messy/見積台帳_R5年度.xlsx,R5年7月,71,2307-067,ledger_row,
messy/見積台帳_R5年度.xlsx,R5年7月,72,2307-068,ledger_row,
messy/見積台帳_R5年度.xlsx,R5年7月,73,2307-069,ledger_row,
messy/見積台帳_R5年度.xlsx,R5年7月,74,2307-070,ledger_row,
messy/見積台帳_R5年度.xlsx,R5年7月,75,2307-071,ledger_row,
messy/見積台帳_R5年度.xlsx,R5年7月,76,2307-072,ledger_row,
messy/見積台帳_R5年度.xlsx,R5年8月,5,2308-001,ledger_row,remarks truncated
messy/見積台帳_R5年度.xlsx,R5年8月,6,2308-002,ledger_row,
messy/見積台帳_R5年度.xlsx,R5年8月,7,2308-003,ledger_row,
messy/見積台帳_R5年度.xlsx,R5年8月,8,2308-004,ledger_row,
messy/見積台帳_R5年度.xlsx,R5年8月,9,2308-005,ledger_row,
messy/見積台帳_R5年度.xlsx,R5年8月,10,2308-006,ledger_row,
messy/見積台帳_R5年度.xlsx,R5年8月,11,2308-007,ledger_row,
messy/見積台帳_R5年度.xlsx,R5年8月,12,2308-008,ledger_row,
messy/見積台帳_R5年度.xlsx,R5年8月,13,2308-009,ledger_row,
messy/見積台帳_R5年度.xlsx,R5年8月,14,2308-010,ledger_row,
messy/見積台帳_R5年度.xlsx,R5年8月,15,2308-011,ledger_row,
messy/見積台帳_R5年度.xlsx,R5年8月,16,2308-012,ledger_row,
messy/見積台帳_R5年度.xlsx,R5年8月,17,2308-013,ledger_row,
messy/見積台帳_R5年度.xlsx,R5年8月,18,2308-014,ledger_row,
messy/見積台帳_R5年度.xlsx,R5年8月,19,2308-015,ledger_row,
messy/見積台帳_R5年度.xlsx,R5年8月,20,2308-016,ledger_row,
messy/見積台帳_R5年度.xlsx,R5年8月,21,2308-017,ledger_row,
messy/見積台帳_R5年度.xlsx,R5年8月,22,2308-018,ledger_row,
messy/見積台帳_R5年度.xlsx,R5年8月,23,2308-019,ledger_row,
messy/見積台帳_R5年度.xlsx,R5年8月,24,2308-020,ledger_row,
messy/見積台帳_R5年度.xlsx,R5年8月,25,2308-021,ledger_row,
messy/見積台帳_R5年度.xlsx,R5年8月,26,2308-022,ledger_row,
messy/見積台帳_R5年度.xlsx,R5年8月,27,2308-023,ledger_row,
messy/見積台帳_R5年度.xlsx,R5年8月,28,2308-024,ledger_row,
messy/見積台帳_R5年度.xlsx,R5年8月,29,2308-025,ledger_row,
messy/見積台帳_R5年度.xlsx,R5年8月,30,2308-026,ledger_row,
messy/見積台帳_R5年度.xlsx,R5年8月,31,2308-027,ledger_row,
messy/見積台帳_R5年度.xlsx,R5年8月,32,2308-028,ledger_row,
messy/見積台帳_R5年度.xlsx,R5年8月,33,2308-029,ledger_row,
messy/見積台帳_R5年度.xlsx,R5年8月,34,2308-030,ledger_row,
messy/見積台帳_R5年度.xlsx,R5年8月,35,2308-031,ledger_row,
messy/見積台帳_R5年度.xlsx,R5年8月,36,2308-032,ledger_row,
messy/見積台帳_R5年度.xlsx,R5年8月,37,2308-033,ledger_row,
messy/見積台帳_R5年度.xlsx,R5年8月,38,2308-034,ledger_row,
messy/見積台帳_R5年度.xlsx,R5年8月,39,2308-035,ledger_row,
messy/見積台帳_R5年度.xlsx,R5年8月,40,2308-036,ledger_row,
messy/見積台帳_R5年度.xlsx,R5年8月,41,2308-037,ledger_row,remarks truncated
messy/見積台帳_R5年度.xlsx,R5年8月,42,2308-038,ledger_row,
messy/見積台帳_R5年度.xlsx,R5年8月,43,2308-039,ledger_row,
messy/見積台帳_R5年度.xlsx,R5年8月,44,2308-040,ledger_row,
messy/見積台帳_R5年度.xlsx,R5年8月,45,2308-041,ledger_row,
messy/見積台帳_R5年度.xlsx,R5年8月,46,2308-042,ledger_row,
messy/見積台帳_R5年度.xlsx,R5年8月,47,2308-043,ledger_row,
messy/見積台帳_R5年度.xlsx,R5年8月,48,2308-044,ledger_row,
messy/見積台帳_R5年度.xlsx,R5年8月,49,2308-045,ledger_row,
messy/見積台帳_R5年度.xlsx,R5年8月,50,2308-046,ledger_row,
messy/見積台帳_R5年度.xlsx,R5年8月,51,2308-047,ledger_row,
messy/見積台帳_R5年度.xlsx,R5年8月,52,2308-048,ledger_row,
messy/見積台帳_R5年度.xlsx,R5年8月,53,2308-049,ledger_row,
messy/見積台帳_R5年度.xlsx,R5年8月,54,2308-050,ledger_row,
messy/見積台帳_R5年度.xlsx,R5年8月,55,2308-051,ledger_row,
messy/見積台帳_R5年度.xlsx,R5年8月,56,2308-052,ledger_row,
messy/見積台帳_R5年度.xlsx,R5年8月,57,2308-053,ledger_row,
messy/見積台帳_R5年度.xlsx,R5年8月,58,2308-054,ledger_row,
messy/見積台帳_R5年度.xlsx,R5年8月,59,2308-055,ledger_row,
messy/見積台帳_R5年度.xlsx,R5年8月,60,2308-056,ledger_row,
messy/見積台帳_R5年度.xlsx,R5年9月,5,2309-001,ledger_row,
messy/見積台帳_R5年度.xlsx,R5年9月,6,2309-002,ledger_row,
messy/見積台帳_R5年度.xlsx,R5年9月,7,2309-003,ledger_row,
messy/見積台帳_R5年度.xlsx,R5年9月,8,2309-004,ledger_row,
messy/見積台帳_R5年度.xlsx,R5年9月,9,2309-005,ledger_row,
messy/見積台帳_R5年度.xlsx,R5年9月,10,2309-006,ledger_row,
messy/見積台帳_R5年度.xlsx,R5年9月,11,2309-007,ledger_row,
messy/見積台帳_R5年度.xlsx,R5年9月,12,2309-008,ledger_row,
messy/見積台帳_R5年度.xlsx,R5年9月,13,2309-009,ledger_row,
messy/見積台帳_R5年度.xlsx,R5年9月,14,2309-010,ledger_row,
messy/見積台帳_R5年度.xlsx,R5年9月,15,2309-011,ledger_row,
messy/見積台帳_R5年度.xlsx,R5年9月,16,2309-012,ledger_row,
messy/見積台帳_R5年度.xlsx,R5年9月,17,2309-013,ledger_row,
messy/見積台帳_R5年度.xlsx,R5年9月,18,2309-014,ledger_row,
messy/見積台帳_R5年度.xlsx,R5年9月,19,2309-015,ledger_row,
messy/見積台帳_R5年度.xlsx,R5年9月,20,2309-016,ledger_row,
messy/見積台帳_R5年度.xlsx,R5年9月,21,2309-017,ledger_row,
messy/見積台帳_R5年度.xlsx,R5年9月,22,2309-018,ledger_row,
messy/見積台帳_R5年度.xlsx,R5年9月,23,2309-019,ledger_row,
messy/見積台帳_R5年度.xlsx,R5年9月,24,2309-020,ledger_row,
messy/見積台帳_R5年度.xlsx,R5年9月,25,2309-021,ledger_row,
messy/見積台帳_R5年度.xlsx,R5年9月,26,2309-022,ledger_row,
messy/見積台帳_R5年度.xlsx,R5年9月,27,2309-023,ledger_row,
messy/見積台帳_R5年度.xlsx,R5年9月,28,2309-024,ledger_row,
messy/見積台帳_R5年度.xlsx,R5年9月,29,2309-025,ledger_row,
messy/見積台帳_R5年度.xlsx,R5年9月,30,2309-026,ledger_row,
messy/見積台帳_R5年度.xlsx,R5年9月,31,2309-027,ledger_row,
messy/見積台帳_R5年度.xlsx,R5年9月,32,2309-028,ledger_row,
messy/見積台帳_R5年度.xlsx,R5年9月,33,2309-029,ledger_row,
messy/見積台帳_R5年度.xlsx,R5年9月,34,2309-030,ledger_row,
messy/見積台帳_R5年度.xlsx,R5年9月,35,2309-031,ledger_row,
messy/見積台帳_R5年度.xlsx,R5年9月,36,2309-032,ledger_row,
messy/見積台帳_R5年度.xlsx,R5年9月,37,2309-033,ledger_row,
messy/見積台帳_R5年度.xlsx,R5年9月,38,2309-034,ledger_row,
messy/見積台帳_R5年度.xlsx,R5年9月,39,2309-035,ledger_row,
messy/見積台帳_R5年度.xlsx,R5年9月,40,2309-036,ledger_row,
messy/見積台帳_R5年度.xlsx,R5年9月,41,2309-037,ledger_row,
messy/見積台帳_R5年度.xlsx,R5年9月,42,2309-038,ledger_row,remarks truncated
messy/見積台帳_R5年度.xlsx,R5年9月,43,2309-039,ledger_row,
messy/見積台帳_R5年度.xlsx,R5年9月,44,2309-040,ledger_row,
messy/見積台帳_R5年度.xlsx,R5年9月,45,2309-041,ledger_row,
messy/見積台帳_R5年度.xlsx,R5年9月,46,2309-042,ledger_row,
messy/見積台帳_R5年度.xlsx,R5年9月,47,2309-043,ledger_row,
messy/見積台帳_R5年度.xlsx,R5年9月,48,2309-044,ledger_row,
messy/見積台帳_R5年度.xlsx,R5年9月,49,2309-045,ledger_row,
messy/見積台帳_R5年度.xlsx,R5年9月,50,2309-046,ledger_row,
messy/見積台帳_R5年度.xlsx,R5年9月,51,2309-047,ledger_row,
messy/見積台帳_R5年度.xlsx,R5年9月,52,2309-048,ledger_row,
messy/見積台帳_R5年度.xlsx,R5年9月,53,2309-049,ledger_row,
messy/見積台帳_R5年度.xlsx,R5年9月,54,2309-050,ledger_row,
messy/見積台帳_R5年度.xlsx,R5年9月,55,2309-051,ledger_row,
messy/見積台帳_R5年度.xlsx,R5年9月,56,2309-052,ledger_row,
messy/見積台帳_R5年度.xlsx,R5年9月,57,2309-053,ledger_row,
messy/見積台帳_R5年度.xlsx,R5年9月,58,2309-054,ledger_row,
messy/見積台帳_R5年度.xlsx,R5年9月,59,2309-055,ledger_row,
messy/見積台帳_R5年度.xlsx,R5年9月,60,2309-056,ledger_row,
messy/見積台帳_R5年度.xlsx,R5年9月,61,2309-057,ledger_row,
messy/見積台帳_R5年度.xlsx,R5年9月,62,2309-058,ledger_row,
messy/見積台帳_R5年度.xlsx,R5年9月,63,2309-059,ledger_row,
messy/見積台帳_R5年度.xlsx,R5年9月,64,2309-060,ledger_row,
messy/見積台帳_R5年度.xlsx,R5年9月,65,2309-061,ledger_row,
messy/見積台帳_R5年度.xlsx,R5年9月,66,2309-062,ledger_row,
messy/見積台帳_R5年度.xlsx,R5年9月,67,2309-063,ledger_row,
messy/見積台帳_R5年度.xlsx,R5年9月,68,2309-064,ledger_row,
messy/見積台帳_R5年度.xlsx,R5年9月,69,2309-065,ledger_row,remarks truncated
messy/見積台帳_R5年度.xlsx,R5年9月,70,2309-066,ledger_row,
messy/見積台帳_R5年度.xlsx,R5年9月,71,2309-067,ledger_row,
messy/見積台帳_R5年度.xlsx,R5年9月,72,2309-068,ledger_row,
messy/見積台帳_R5年度.xlsx,R5年9月,73,2309-069,ledger_row,
messy/見積台帳_R5年度.xlsx,R5年9月,74,2309-070,ledger_row,
messy/見積台帳_R5年度.xlsx,R5年9月,75,2309-071,ledger_row,
messy/見積台帳_R5年度.xlsx,R5年9月,76,2309-072,ledger_row,
messy/見積台帳_R5年度.xlsx,R5年9月,77,2309-073,ledger_row,
messy/見積台帳_R5年度.xlsx,R5年9月,78,2309-048-2,ledger_row,
messy/見積台帳_R5年度.xlsx,R5年9月,79,2309-074,ledger_row,
messy/見積台帳_R5年度.xlsx,R5年9月,80,2309-075,ledger_row,
messy/見積台帳_R5年度.xlsx,R5年9月,81,2309-076,ledger_row,
messy/見積台帳_R5年度.xlsx,R5年9月,82,2309-077,ledger_row,
messy/見積台帳_R5年度.xlsx,R5年9月,83,2309-078,ledger_row,
messy/見積台帳_R5年度.xlsx,R5年9月,84,2309-079,ledger_row,
messy/見積台帳_R5年度.xlsx,R5年9月,85,2309-080,ledger_row,
messy/見積台帳_R5年度.xlsx,R5年9月,86,2309-081,ledger_row,
messy/見積台帳_R5年度.xlsx,R5年10月,5,2310-001,ledger_row,
messy/見積台帳_R5年度.xlsx,R5年10月,6,2310-002,ledger_row,
messy/見積台帳_R5年度.xlsx,R5年10月,7,2310-003,ledger_row,
messy/見積台帳_R5年度.xlsx,R5年10月,8,2310-004,ledger_row,
messy/見積台帳_R5年度.xlsx,R5年10月,9,2310-005,ledger_row,
messy/見積台帳_R5年度.xlsx,R5年10月,10,2310-006,ledger_row,
messy/見積台帳_R5年度.xlsx,R5年10月,11,2310-007,ledger_row,
messy/見積台帳_R5年度.xlsx,R5年10月,12,2310-008,ledger_row,
messy/見積台帳_R5年度.xlsx,R5年10月,13,2310-009,ledger_row,
messy/見積台帳_R5年度.xlsx,R5年10月,14,2310-010,ledger_row,
messy/見積台帳_R5年度.xlsx,R5年10月,15,2310-011,ledger_row,
messy/見積台帳_R5年度.xlsx,R5年10月,16,2310-012,ledger_row,
messy/見積台帳_R5年度.xlsx,R5年10月,17,2310-013,ledger_row,
messy/見積台帳_R5年度.xlsx,R5年10月,18,2310-014,ledger_row,
messy/見積台帳_R5年度.xlsx,R5年10月,19,2310-015,ledger_row,
messy/見積台帳_R5年度.xlsx,R5年10月,20,2310-016,ledger_row,
messy/見積台帳_R5年度.xlsx,R5年10月,21,2310-017,ledger_row,
messy/見積台帳_R5年度.xlsx,R5年10月,22,2310-018,ledger_row,
messy/見積台帳_R5年度.xlsx,R5年10月,23,2310-019,ledger_row,
messy/見積台帳_R5年度.xlsx,R5年10月,24,2310-020,ledger_row,
messy/見積台帳_R5年度.xlsx,R5年10月,25,2310-021,ledger_row,
messy/見積台帳_R5年度.xlsx,R5年10月,26,2310-022,ledger_row,
messy/見積台帳_R5年度.xlsx,R5年10月,27,2310-023,ledger_row,
messy/見積台帳_R5年度.xlsx,R5年10月,28,2310-024,ledger_row,
messy/見積台帳_R5年度.xlsx,R5年10月,29,2310-025,ledger_row,
messy/見積台帳_R5年度.xlsx,R5年10月,30,2310-026,ledger_row,
messy/見積台帳_R5年度.xlsx,R5年10月,31,2310-027,ledger_row,
messy/見積台帳_R5年度.xlsx,R5年10月,32,2310-028,ledger_row,
messy/見積台帳_R5年度.xlsx,R5年10月,33,2310-029,ledger_row,
messy/見積台帳_R5年度.xlsx,R5年10月,34,2310-030,ledger_row,
messy/見積台帳_R5年度.xlsx,R5年10月,35,2310-031,ledger_row,
messy/見積台帳_R5年度.xlsx,R5年10月,36,2310-032,ledger_row,
messy/見積台帳_R5年度.xlsx,R5年10月,37,2310-033,ledger_row,
messy/見積台帳_R5年度.xlsx,R5年10月,38,2310-034,ledger_row,
messy/見積台帳_R5年度.xlsx,R5年10月,39,2310-035,ledger_row,
messy/見積台帳_R5年度.xlsx,R5年10月,40,2310-036,ledger_row,
messy/見積台帳_R5年度.xlsx,R5年10月,41,2310-037,ledger_row,
messy/見積台帳_R5年度.xlsx,R5年10月,42,2310-038,ledger_row,
messy/見積台帳_R5年度.xlsx,R5年10月,43,2310-039,ledger_row,
messy/見積台帳_R5年度.xlsx,R5年10月,44,2310-040,ledger_row,
messy/見積台帳_R5年度.xlsx,R5年10月,45,2310-041,ledger_row,
messy/見積台帳_R5年度.xlsx,R5年10月,46,2310-042,ledger_row,
messy/見積台帳_R5年度.xlsx,R5年10月,47,2310-043,ledger_row,
messy/見積台帳_R5年度.xlsx,R5年10月,48,2310-044,ledger_row,
messy/見積台帳_R5年度.xlsx,R5年10月,49,2310-045,ledger_row,
messy/見積台帳_R5年度.xlsx,R5年10月,50,2310-046,ledger_row,
messy/見積台帳_R5年度.xlsx,R5年10月,51,2310-047,ledger_row,
messy/見積台帳_R5年度.xlsx,R5年10月,52,2310-048,ledger_row,
messy/見積台帳_R5年度.xlsx,R5年10月,53,2310-049,ledger_row,
messy/見積台帳_R5年度.xlsx,R5年10月,54,2310-050,ledger_row,
messy/見積台帳_R5年度.xlsx,R5年10月,55,2310-051,ledger_row,
messy/見積台帳_R5年度.xlsx,R5年10月,56,2310-052,ledger_row,
messy/見積台帳_R5年度.xlsx,R5年10月,57,2310-053,ledger_row,
messy/見積台帳_R5年度.xlsx,R5年10月,58,2310-054,ledger_row,
messy/見積台帳_R5年度.xlsx,R5年10月,59,2310-055,ledger_row,
messy/見積台帳_R5年度.xlsx,R5年10月,60,2310-056,ledger_row,
messy/見積台帳_R5年度.xlsx,R5年10月,61,2310-057,ledger_row,
messy/見積台帳_R5年度.xlsx,R5年10月,62,2310-058,ledger_row,
messy/見積台帳_R5年度.xlsx,R5年10月,63,2310-059,ledger_row,
messy/見積台帳_R5年度.xlsx,R5年10月,64,2310-060,ledger_row,
messy/見積台帳_R5年度.xlsx,R5年10月,65,2310-061,ledger_row,
messy/見積台帳_R5年度.xlsx,R5年10月,66,2310-062,ledger_row,
messy/見積台帳_R5年度.xlsx,R5年10月,67,2310-063,ledger_row,
messy/見積台帳_R5年度.xlsx,R5年10月,68,2310-064,ledger_row,
messy/見積台帳_R5年度.xlsx,R5年10月,69,2310-019-2,ledger_row,remarks truncated
messy/見積台帳_R5年度.xlsx,R5年10月,70,2310-065,ledger_row,
messy/見積台帳_R5年度.xlsx,R5年10月,71,2310-066,ledger_row,
messy/見積台帳_R5年度.xlsx,R5年10月,72,2310-067,ledger_row,
messy/見積台帳_R5年度.xlsx,R5年10月,73,2310-068,ledger_row,
messy/見積台帳_R5年度.xlsx,R5年10月,74,2310-069,ledger_row,
messy/見積台帳_R5年度.xlsx,R5年10月,75,2310-070,ledger_row,
messy/見積台帳_R5年度.xlsx,R5年10月,76,2310-071,ledger_row,
messy/見積台帳_R5年度.xlsx,R5年11月,5,2311-001,ledger_row,
messy/見積台帳_R5年度.xlsx,R5年11月,6,2311-002,ledger_row,
messy/見積台帳_R5年度.xlsx,R5年11月,7,2311-003,ledger_row,
messy/見積台帳_R5年度.xlsx,R5年11月,8,2311-004,ledger_row,
messy/見積台帳_R5年度.xlsx,R5年11月,9,2311-005,ledger_row,
messy/見積台帳_R5年度.xlsx,R5年11月,10,2311-006,ledger_row,
messy/見積台帳_R5年度.xlsx,R5年11月,11,2311-007,ledger_row,
messy/見積台帳_R5年度.xlsx,R5年11月,12,2311-008,ledger_row,
messy/見積台帳_R5年度.xlsx,R5年11月,13,2311-009,ledger_row,
messy/見積台帳_R5年度.xlsx,R5年11月,14,2311-010,ledger_row,
messy/見積台帳_R5年度.xlsx,R5年11月,15,2311-011,ledger_row,
messy/見積台帳_R5年度.xlsx,R5年11月,16,2311-012,ledger_row,
messy/見積台帳_R5年度.xlsx,R5年11月,17,2311-013,ledger_row,
messy/見積台帳_R5年度.xlsx,R5年11月,18,2311-014,ledger_row,
messy/見積台帳_R5年度.xlsx,R5年11月,19,2311-015,ledger_row,
messy/見積台帳_R5年度.xlsx,R5年11月,20,2311-016,ledger_row,
messy/見積台帳_R5年度.xlsx,R5年11月,21,2311-017,ledger_row,
messy/見積台帳_R5年度.xlsx,R5年11月,22,2311-018,ledger_row,
messy/見積台帳_R5年度.xlsx,R5年11月,23,2311-019,ledger_row,
messy/見積台帳_R5年度.xlsx,R5年11月,24,2311-020,ledger_row,
messy/見積台帳_R5年度.xlsx,R5年11月,25,2311-021,ledger_row,
messy/見積台帳_R5年度.xlsx,R5年11月,26,2311-022,ledger_row,
messy/見積台帳_R5年度.xlsx,R5年11月,27,2311-023,ledger_row,
messy/見積台帳_R5年度.xlsx,R5年11月,28,2311-024,ledger_row,
messy/見積台帳_R5年度.xlsx,R5年11月,29,2311-025,ledger_row,
messy/見積台帳_R5年度.xlsx,R5年11月,30,2311-026,ledger_row,
messy/見積台帳_R5年度.xlsx,R5年11月,31,2311-027,ledger_row,remarks truncated
messy/見積台帳_R5年度.xlsx,R5年11月,32,2311-028,ledger_row,
messy/見積台帳_R5年度.xlsx,R5年11月,33,2311-029,ledger_row,
messy/見積台帳_R5年度.xlsx,R5年11月,34,2311-014-2,ledger_row,
messy/見積台帳_R5年度.xlsx,R5年11月,35,2311-030,ledger_row,
messy/見積台帳_R5年度.xlsx,R5年11月,36,2311-031,ledger_row,
messy/見積台帳_R5年度.xlsx,R5年11月,37,2311-032,ledger_row,
messy/見積台帳_R5年度.xlsx,R5年11月,38,2311-033,ledger_row,
messy/見積台帳_R5年度.xlsx,R5年11月,39,2311-034,ledger_row,
messy/見積台帳_R5年度.xlsx,R5年11月,40,2311-035,ledger_row,
messy/見積台帳_R5年度.xlsx,R5年11月,41,2311-036,ledger_row,
messy/見積台帳_R5年度.xlsx,R5年11月,42,2311-037,ledger_row,
messy/見積台帳_R5年度.xlsx,R5年11月,43,2311-038,ledger_row,
messy/見積台帳_R5年度.xlsx,R5年11月,44,2311-039,ledger_row,
messy/見積台帳_R5年度.xlsx,R5年11月,45,2311-040,ledger_row,
messy/見積台帳_R5年度.xlsx,R5年11月,46,2311-041,ledger_row,
messy/見積台帳_R5年度.xlsx,R5年11月,47,2311-042,ledger_row,
messy/見積台帳_R5年度.xlsx,R5年11月,48,2311-043,ledger_row,
messy/見積台帳_R5年度.xlsx,R5年11月,49,2311-044,ledger_row,
messy/見積台帳_R5年度.xlsx,R5年11月,50,2311-045,ledger_row,
messy/見積台帳_R5年度.xlsx,R5年11月,51,2311-046,ledger_row,
messy/見積台帳_R5年度.xlsx,R5年11月,52,2311-047,ledger_row,
messy/見積台帳_R5年度.xlsx,R5年11月,53,2311-048,ledger_row,
messy/見積台帳_R5年度.xlsx,R5年11月,54,2311-049,ledger_row,
messy/見積台帳_R5年度.xlsx,R5年11月,55,2311-050,ledger_row,
messy/見積台帳_R5年度.xlsx,R5年11月,56,2311-051,ledger_row,
messy/見積台帳_R5年度.xlsx,R5年11月,57,2311-052,ledger_row,
messy/見積台帳_R5年度.xlsx,R5年11月,58,2311-053,ledger_row,
messy/見積台帳_R5年度.xlsx,R5年12月,5,2312-001,ledger_row,
messy/見積台帳_R5年度.xlsx,R5年12月,6,2312-002,ledger_row,
messy/見積台帳_R5年度.xlsx,R5年12月,7,2312-003,ledger_row,
messy/見積台帳_R5年度.xlsx,R5年12月,8,2312-004,ledger_row,
messy/見積台帳_R5年度.xlsx,R5年12月,9,2312-005,ledger_row,
messy/見積台帳_R5年度.xlsx,R5年12月,10,2312-006,ledger_row,
messy/見積台帳_R5年度.xlsx,R5年12月,11,2312-007,ledger_row,
messy/見積台帳_R5年度.xlsx,R5年12月,12,2312-008,ledger_row,
messy/見積台帳_R5年度.xlsx,R5年12月,13,2312-009,ledger_row,
messy/見積台帳_R5年度.xlsx,R5年12月,14,2312-010,ledger_row,
messy/見積台帳_R5年度.xlsx,R5年12月,15,2312-011,ledger_row,
messy/見積台帳_R5年度.xlsx,R5年12月,16,2312-012,ledger_row,
messy/見積台帳_R5年度.xlsx,R5年12月,17,2312-013,ledger_row,
messy/見積台帳_R5年度.xlsx,R5年12月,18,2312-014,ledger_row,
messy/見積台帳_R5年度.xlsx,R5年12月,19,2312-015,ledger_row,
messy/見積台帳_R5年度.xlsx,R5年12月,20,2312-016,ledger_row,
messy/見積台帳_R5年度.xlsx,R5年12月,21,2312-017,ledger_row,
messy/見積台帳_R5年度.xlsx,R5年12月,22,2312-018,ledger_row,
messy/見積台帳_R5年度.xlsx,R5年12月,23,2312-019,ledger_row,
messy/見積台帳_R5年度.xlsx,R5年12月,24,2312-020,ledger_row,
messy/見積台帳_R5年度.xlsx,R5年12月,25,2312-021,ledger_row,
messy/見積台帳_R5年度.xlsx,R5年12月,26,2312-022,ledger_row,
messy/見積台帳_R5年度.xlsx,R5年12月,27,2312-023,ledger_row,
messy/見積台帳_R5年度.xlsx,R5年12月,28,2312-024,ledger_row,
messy/見積台帳_R5年度.xlsx,R5年12月,29,2312-025,ledger_row,
messy/見積台帳_R5年度.xlsx,R5年12月,30,2312-026,ledger_row,
messy/見積台帳_R5年度.xlsx,R5年12月,31,2312-027,ledger_row,
messy/見積台帳_R5年度.xlsx,R5年12月,32,2312-028,ledger_row,
messy/見積台帳_R5年度.xlsx,R5年12月,33,2312-029,ledger_row,
messy/見積台帳_R5年度.xlsx,R5年12月,34,2312-030,ledger_row,
messy/見積台帳_R5年度.xlsx,R5年12月,35,2312-031,ledger_row,
messy/見積台帳_R5年度.xlsx,R5年12月,36,2312-032,ledger_row,
messy/見積台帳_R5年度.xlsx,R5年12月,37,2312-033,ledger_row,
messy/見積台帳_R5年度.xlsx,R5年12月,38,2312-034,ledger_row,
messy/見積台帳_R5年度.xlsx,R5年12月,39,2312-035,ledger_row,
messy/見積台帳_R5年度.xlsx,R5年12月,40,2312-036,ledger_row,
messy/見積台帳_R5年度.xlsx,R5年12月,41,2312-037,ledger_row,
messy/見積台帳_R5年度.xlsx,R5年12月,42,2312-038,ledger_row,
messy/見積台帳_R5年度.xlsx,R5年12月,43,2312-039,ledger_row,
messy/見積台帳_R5年度.xlsx,R5年12月,44,2312-040,ledger_row,
messy/見積台帳_R5年度.xlsx,R5年12月,45,2312-041,ledger_row,
messy/見積台帳_R5年度.xlsx,R5年12月,46,2312-042,ledger_row,
messy/見積台帳_R5年度.xlsx,R5年12月,47,2312-043,ledger_row,
messy/見積台帳_R5年度.xlsx,R5年12月,48,2312-044,ledger_row,
messy/見積台帳_R5年度.xlsx,R5年12月,49,2312-045,ledger_row,
messy/見積台帳_R5年度.xlsx,R5年12月,50,2312-046,ledger_row,
messy/見積台帳_R5年度.xlsx,R5年12月,51,2312-047,ledger_row,
messy/見積台帳_R5年度.xlsx,R5年12月,52,2312-048,ledger_row,
messy/見積台帳_R5年度.xlsx,R5年12月,53,2312-049,ledger_row,remarks truncated
messy/見積台帳_R5年度.xlsx,R5年12月,54,2312-050,ledger_row,
messy/見積台帳_R5年度.xlsx,R5年12月,55,2312-051,ledger_row,
messy/見積台帳_R5年度.xlsx,R5年12月,56,2312-052,ledger_row,
messy/見積台帳_R5年度.xlsx,R5年12月,57,2312-053,ledger_row,
messy/見積台帳_R5年度.xlsx,R5年12月,58,2312-054,ledger_row,
messy/見積台帳_R5年度.xlsx,R5年12月,59,2312-055,ledger_row,
messy/見積台帳_R5年度.xlsx,R5年12月,60,2312-056,ledger_row,
messy/見積台帳_R5年度.xlsx,R5年12月,61,2312-057,ledger_row,
messy/見積台帳_R5年度.xlsx,R5年12月,62,2312-058,ledger_row,
messy/見積台帳_R5年度.xlsx,R5年12月,63,2312-059,ledger_row,
messy/見積台帳_R5年度.xlsx,R5年12月,64,2312-060,ledger_row,
messy/見積台帳_R5年度.xlsx,R5年12月,65,2312-061,ledger_row,
messy/見積台帳_R5年度.xlsx,R5年12月,66,2312-062,ledger_row,
messy/見積台帳_R5年度.xlsx,R5年12月,67,2312-063,ledger_row,
messy/見積台帳_R5年度.xlsx,R5年12月,68,2312-064,ledger_row,
messy/見積台帳_R5年度.xlsx,R5年12月,69,2312-065,ledger_row,
messy/見積台帳_R5年度.xlsx,R5年12月,70,2312-066,ledger_row,
messy/見積台帳_R5年度.xlsx,R5年12月,71,2312-067,ledger_row,
messy/見積台帳_R5年度.xlsx,R5年12月,72,2312-068,ledger_row,remarks truncated
messy/見積台帳_R5年度.xlsx,R6年1月,5,2401-001,ledger_row,
messy/見積台帳_R5年度.xlsx,R6年1月,6,2401-002,ledger_row,
messy/見積台帳_R5年度.xlsx,R6年1月,7,2401-003,ledger_row,
messy/見積台帳_R5年度.xlsx,R6年1月,8,2401-004,ledger_row,
messy/見積台帳_R5年度.xlsx,R6年1月,9,2401-005,ledger_row,
messy/見積台帳_R5年度.xlsx,R6年1月,10,2401-006,ledger_row,
messy/見積台帳_R5年度.xlsx,R6年1月,11,2401-007,ledger_row,
messy/見積台帳_R5年度.xlsx,R6年1月,12,2401-008,ledger_row,
messy/見積台帳_R5年度.xlsx,R6年1月,13,2401-009,ledger_row,
messy/見積台帳_R5年度.xlsx,R6年1月,14,2401-010,ledger_row,
messy/見積台帳_R5年度.xlsx,R6年1月,15,2401-011,ledger_row,
messy/見積台帳_R5年度.xlsx,R6年1月,16,2401-012,ledger_row,
messy/見積台帳_R5年度.xlsx,R6年1月,17,2401-013,ledger_row,
messy/見積台帳_R5年度.xlsx,R6年1月,18,2401-014,ledger_row,
messy/見積台帳_R5年度.xlsx,R6年1月,19,2401-015,ledger_row,
messy/見積台帳_R5年度.xlsx,R6年1月,20,2401-016,ledger_row,
messy/見積台帳_R5年度.xlsx,R6年1月,21,2401-017,ledger_row,
messy/見積台帳_R5年度.xlsx,R6年1月,22,2401-018,ledger_row,
messy/見積台帳_R5年度.xlsx,R6年1月,23,2401-019,ledger_row,
messy/見積台帳_R5年度.xlsx,R6年1月,24,2401-020,ledger_row,
messy/見積台帳_R5年度.xlsx,R6年1月,25,2401-021,ledger_row,
messy/見積台帳_R5年度.xlsx,R6年1月,26,2401-022,ledger_row,
messy/見積台帳_R5年度.xlsx,R6年1月,27,2401-023,ledger_row,
messy/見積台帳_R5年度.xlsx,R6年1月,28,2401-024,ledger_row,
messy/見積台帳_R5年度.xlsx,R6年1月,29,2401-025,ledger_row,
messy/見積台帳_R5年度.xlsx,R6年1月,30,2401-026,ledger_row,
messy/見積台帳_R5年度.xlsx,R6年1月,31,2401-027,ledger_row,
messy/見積台帳_R5年度.xlsx,R6年1月,32,2401-028,ledger_row,
messy/見積台帳_R5年度.xlsx,R6年1月,33,2401-029,ledger_row,
messy/見積台帳_R5年度.xlsx,R6年1月,34,2401-030,ledger_row,
messy/見積台帳_R5年度.xlsx,R6年1月,35,2401-031,ledger_row,
messy/見積台帳_R5年度.xlsx,R6年1月,36,2401-032,ledger_row,
messy/見積台帳_R5年度.xlsx,R6年1月,37,2401-033,ledger_row,
messy/見積台帳_R5年度.xlsx,R6年1月,38,2401-034,ledger_row,
messy/見積台帳_R5年度.xlsx,R6年1月,39,2401-035,ledger_row,
messy/見積台帳_R5年度.xlsx,R6年1月,40,2401-036,ledger_row,
messy/見積台帳_R5年度.xlsx,R6年1月,41,2401-037,ledger_row,
messy/見積台帳_R5年度.xlsx,R6年1月,42,2401-038,ledger_row,
messy/見積台帳_R5年度.xlsx,R6年1月,43,2401-039,ledger_row,
messy/見積台帳_R5年度.xlsx,R6年1月,44,2401-040,ledger_row,
messy/見積台帳_R5年度.xlsx,R6年1月,45,2401-041,ledger_row,
messy/見積台帳_R5年度.xlsx,R6年1月,46,2401-042,ledger_row,
messy/見積台帳_R5年度.xlsx,R6年1月,47,2401-043,ledger_row,
messy/見積台帳_R5年度.xlsx,R6年1月,48,2401-044,ledger_row,
messy/見積台帳_R5年度.xlsx,R6年1月,49,2401-045,ledger_row,
messy/見積台帳_R5年度.xlsx,R6年1月,50,2401-046,ledger_row,
messy/見積台帳_R5年度.xlsx,R6年1月,51,2401-047,ledger_row,
messy/見積台帳_R5年度.xlsx,R6年2月,5,2402-001,ledger_row,
messy/見積台帳_R5年度.xlsx,R6年2月,6,2402-002,ledger_row,
messy/見積台帳_R5年度.xlsx,R6年2月,7,2402-003,ledger_row,
messy/見積台帳_R5年度.xlsx,R6年2月,8,2402-004,ledger_row,
messy/見積台帳_R5年度.xlsx,R6年2月,9,2402-005,ledger_row,
messy/見積台帳_R5年度.xlsx,R6年2月,10,2402-006,ledger_row,
messy/見積台帳_R5年度.xlsx,R6年2月,11,2402-007,ledger_row,
messy/見積台帳_R5年度.xlsx,R6年2月,12,2402-008,ledger_row,
messy/見積台帳_R5年度.xlsx,R6年2月,13,2402-009,ledger_row,
messy/見積台帳_R5年度.xlsx,R6年2月,14,2402-010,ledger_row,
messy/見積台帳_R5年度.xlsx,R6年2月,15,2402-011,ledger_row,
messy/見積台帳_R5年度.xlsx,R6年2月,16,2402-012,ledger_row,
messy/見積台帳_R5年度.xlsx,R6年2月,17,2402-013,ledger_row,
messy/見積台帳_R5年度.xlsx,R6年2月,18,2402-014,ledger_row,
messy/見積台帳_R5年度.xlsx,R6年2月,19,2402-015,ledger_row,
messy/見積台帳_R5年度.xlsx,R6年2月,20,2402-016,ledger_row,
messy/見積台帳_R5年度.xlsx,R6年2月,21,2402-017,ledger_row,
messy/見積台帳_R5年度.xlsx,R6年2月,22,2402-018,ledger_row,
messy/見積台帳_R5年度.xlsx,R6年2月,23,2402-019,ledger_row,
messy/見積台帳_R5年度.xlsx,R6年2月,24,2402-020,ledger_row,
messy/見積台帳_R5年度.xlsx,R6年2月,25,2402-021,ledger_row,
messy/見積台帳_R5年度.xlsx,R6年2月,26,2402-022,ledger_row,
messy/見積台帳_R5年度.xlsx,R6年2月,27,2402-023,ledger_row,
messy/見積台帳_R5年度.xlsx,R6年2月,28,2402-024,ledger_row,
messy/見積台帳_R5年度.xlsx,R6年2月,29,2402-025,ledger_row,
messy/見積台帳_R5年度.xlsx,R6年2月,30,2402-026,ledger_row,
messy/見積台帳_R5年度.xlsx,R6年2月,31,2402-027,ledger_row,
messy/見積台帳_R5年度.xlsx,R6年2月,32,2402-028,ledger_row,
messy/見積台帳_R5年度.xlsx,R6年2月,33,2402-029,ledger_row,
messy/見積台帳_R5年度.xlsx,R6年2月,34,2402-030,ledger_row,
messy/見積台帳_R5年度.xlsx,R6年2月,35,2402-031,ledger_row,
messy/見積台帳_R5年度.xlsx,R6年2月,36,2402-032,ledger_row,
messy/見積台帳_R5年度.xlsx,R6年2月,37,2402-033,ledger_row,
messy/見積台帳_R5年度.xlsx,R6年2月,38,2402-034,ledger_row,
messy/見積台帳_R5年度.xlsx,R6年2月,39,2402-035,ledger_row,
messy/見積台帳_R5年度.xlsx,R6年2月,40,2402-036,ledger_row,
messy/見積台帳_R5年度.xlsx,R6年2月,41,2402-037,ledger_row,
messy/見積台帳_R5年度.xlsx,R6年2月,42,2402-038,ledger_row,
messy/見積台帳_R5年度.xlsx,R6年2月,43,2402-039,ledger_row,
messy/見積台帳_R5年度.xlsx,R6年2月,44,2402-040,ledger_row,
messy/見積台帳_R5年度.xlsx,R6年2月,45,2402-041,ledger_row,
messy/見積台帳_R5年度.xlsx,R6年2月,46,2402-042,ledger_row,
messy/見積台帳_R5年度.xlsx,R6年2月,47,2402-043,ledger_row,
messy/見積台帳_R5年度.xlsx,R6年2月,48,2402-044,ledger_row,
messy/見積台帳_R5年度.xlsx,R6年2月,49,2402-045,ledger_row,
messy/見積台帳_R5年度.xlsx,R6年2月,50,2402-046,ledger_row,
messy/見積台帳_R5年度.xlsx,R6年2月,51,2402-047,ledger_row,
messy/見積台帳_R5年度.xlsx,R6年2月,52,2402-048,ledger_row,
messy/見積台帳_R5年度.xlsx,R6年2月,53,2402-049,ledger_row,
messy/見積台帳_R5年度.xlsx,R6年2月,54,2402-050,ledger_row,
messy/見積台帳_R5年度.xlsx,R6年2月,55,2402-051,ledger_row,
messy/見積台帳_R5年度.xlsx,R6年2月,56,2402-052,ledger_row,
messy/見積台帳_R5年度.xlsx,R6年2月,57,2402-053,ledger_row,
messy/見積台帳_R5年度.xlsx,R6年2月,58,2402-054,ledger_row,
messy/見積台帳_R5年度.xlsx,R6年2月,59,2402-055,ledger_row,
messy/見積台帳_R5年度.xlsx,R6年2月,60,2402-056,ledger_row,
messy/見積台帳_R5年度.xlsx,R6年2月,61,2402-057,ledger_row,
messy/見積台帳_R5年度.xlsx,R6年2月,62,2402-058,ledger_row,
messy/見積台帳_R5年度.xlsx,R6年2月,63,2402-059,ledger_row,
messy/見積台帳_R5年度.xlsx,R6年2月,64,2402-060,ledger_row,
messy/見積台帳_R5年度.xlsx,R6年2月,65,2402-061,ledger_row,
messy/見積台帳_R5年度.xlsx,R6年2月,66,2402-062,ledger_row,
messy/見積台帳_R5年度.xlsx,R6年2月,67,2402-063,ledger_row,
messy/見積台帳_R5年度.xlsx,R6年2月,68,2402-064,ledger_row,
messy/見積台帳_R5年度.xlsx,R6年2月,69,2402-065,ledger_row,
messy/見積台帳_R5年度.xlsx,R6年2月,70,2402-066,ledger_row,
messy/見積台帳_R5年度.xlsx,R6年2月,71,2402-067,ledger_row,
messy/見積台帳_R5年度.xlsx,R6年2月,72,2402-068,ledger_row,
messy/見積台帳_R5年度.xlsx,R6年2月,73,2402-069,ledger_row,
messy/見積台帳_R5年度.xlsx,R6年2月,74,2402-070,ledger_row,
messy/見積台帳_R5年度.xlsx,R6年2月,75,2402-071,ledger_row,
messy/見積台帳_R5年度.xlsx,R6年3月,5,2403-001,ledger_row,
messy/見積台帳_R5年度.xlsx,R6年3月,6,2403-002,ledger_row,
messy/見積台帳_R5年度.xlsx,R6年3月,7,2403-003,ledger_row,
messy/見積台帳_R5年度.xlsx,R6年3月,8,2403-004,ledger_row,
messy/見積台帳_R5年度.xlsx,R6年3月,9,2403-005,ledger_row,amount cell reads 別紙参照
messy/見積台帳_R5年度.xlsx,R6年3月,10,2403-006,ledger_row,
messy/見積台帳_R5年度.xlsx,R6年3月,11,2403-007,ledger_row,
messy/見積台帳_R5年度.xlsx,R6年3月,12,2403-008,ledger_row,
messy/見積台帳_R5年度.xlsx,R6年3月,13,2403-009,ledger_row,
messy/見積台帳_R5年度.xlsx,R6年3月,14,2402-054-2,ledger_row,
messy/見積台帳_R5年度.xlsx,R6年3月,15,2403-010,ledger_row,
messy/見積台帳_R5年度.xlsx,R6年3月,16,2403-011,ledger_row,
messy/見積台帳_R5年度.xlsx,R6年3月,17,2403-012,ledger_row,
messy/見積台帳_R5年度.xlsx,R6年3月,18,2403-013,ledger_row,
messy/見積台帳_R5年度.xlsx,R6年3月,19,2403-014,ledger_row,
messy/見積台帳_R5年度.xlsx,R6年3月,20,2403-015,ledger_row,
messy/見積台帳_R5年度.xlsx,R6年3月,21,2403-016,ledger_row,
messy/見積台帳_R5年度.xlsx,R6年3月,22,2403-017,ledger_row,
messy/見積台帳_R5年度.xlsx,R6年3月,23,2403-018,ledger_row,
messy/見積台帳_R5年度.xlsx,R6年3月,24,2403-019,ledger_row,
messy/見積台帳_R5年度.xlsx,R6年3月,25,2403-020,ledger_row,
messy/見積台帳_R5年度.xlsx,R6年3月,26,2403-021,ledger_row,
messy/見積台帳_R5年度.xlsx,R6年3月,27,2403-022,ledger_row,
messy/見積台帳_R5年度.xlsx,R6年3月,28,2403-023,ledger_row,
messy/見積台帳_R5年度.xlsx,R6年3月,29,2403-024,ledger_row,
messy/見積台帳_R5年度.xlsx,R6年3月,30,2403-025,ledger_row,
messy/見積台帳_R5年度.xlsx,R6年3月,31,2403-026,ledger_row,
messy/見積台帳_R5年度.xlsx,R6年3月,32,2403-027,ledger_row,
messy/見積台帳_R5年度.xlsx,R6年3月,33,2403-028,ledger_row,
messy/見積台帳_R5年度.xlsx,R6年3月,34,2403-029,ledger_row,
messy/見積台帳_R5年度.xlsx,R6年3月,35,2403-030,ledger_row,
messy/見積台帳_R5年度.xlsx,R6年3月,36,2403-031,ledger_row,
messy/見積台帳_R5年度.xlsx,R6年3月,37,2403-032,ledger_row,
messy/見積台帳_R5年度.xlsx,R6年3月,38,2403-033,ledger_row,
messy/見積台帳_R5年度.xlsx,R6年3月,39,2403-034,ledger_row,
messy/見積台帳_R5年度.xlsx,R6年3月,40,2403-035,ledger_row,
messy/見積台帳_R5年度.xlsx,R6年3月,41,2403-036,ledger_row,
messy/見積台帳_R5年度.xlsx,R6年3月,42,2403-037,ledger_row,
messy/見積台帳_R5年度.xlsx,R6年3月,43,2403-038,ledger_row,
messy/見積台帳_R5年度.xlsx,R6年3月,44,2403-039,ledger_row,
messy/見積台帳_R5年度.xlsx,R6年3月,45,2403-040,ledger_row,
messy/見積台帳_R5年度.xlsx,R6年3月,46,2403-041,ledger_row,
messy/見積台帳_R5年度.xlsx,R6年3月,47,2403-042,ledger_row,
messy/見積台帳_R5年度.xlsx,R6年3月,48,2403-043,ledger_row,
messy/見積台帳_R5年度.xlsx,R6年3月,49,2403-044,ledger_row,
messy/見積台帳_R5年度.xlsx,R6年3月,50,2403-045,ledger_row,
messy/見積台帳_R5年度.xlsx,R6年3月,51,2403-046,ledger_row,
messy/見積台帳_R5年度.xlsx,R6年3月,52,2403-047,ledger_row,
messy/見積台帳_R5年度.xlsx,R6年3月,53,2403-048,ledger_row,
messy/見積台帳_R5年度.xlsx,R6年3月,54,2403-049,ledger_row,
messy/見積台帳_R5年度.xlsx,R6年3月,55,2403-050,ledger_row,
messy/見積台帳_R5年度.xlsx,R6年3月,56,2403-051,ledger_row,
messy/見積台帳_R5年度.xlsx,R6年3月,57,2403-052,ledger_row,
messy/見積台帳_R5年度.xlsx,R6年3月,58,2403-053,ledger_row,
messy/見積台帳_R5年度.xlsx,R6年3月,59,2403-054,ledger_row,
messy/見積台帳_R5年度.xlsx,R6年3月,60,2403-055,ledger_row,
messy/見積台帳_R5年度.xlsx,R6年3月,61,2403-056,ledger_row,
messy/見積台帳_R5年度.xlsx,R6年3月,62,2403-057,ledger_row,
messy/見積台帳_R5年度.xlsx,R6年3月,63,2403-058,ledger_row,
messy/見積台帳_R5年度.xlsx,R6年3月,64,2403-059,ledger_row,
messy/見積台帳_R5年度.xlsx,R6年3月,65,2403-060,ledger_row,
messy/見積台帳_R5年度.xlsx,R6年3月,66,2403-061,ledger_row,
messy/見積台帳_R5年度.xlsx,R6年3月,67,2403-062,ledger_row,
messy/見積台帳_R5年度.xlsx,R6年3月,68,2403-063,ledger_row,
messy/見積台帳_R5年度.xlsx,R6年3月,69,2403-064,ledger_row,
messy/見積台帳_R5年度.xlsx,R6年3月,70,2403-065,ledger_row,
messy/見積台帳_R5年度.xlsx,R6年3月,71,2403-066,ledger_row,
messy/見積台帳_R5年度.xlsx,R6年3月,72,2403-067,ledger_row,
messy/見積台帳_R5年度.xlsx,R6年3月,73,2403-068,ledger_row,
messy/見積台帳_R5年度.xlsx,R6年3月,74,2403-069,ledger_row,
messy/見積台帳_R5年度.xlsx,R6年3月,75,2403-070,ledger_row,
messy/見積台帳_R5年度.xlsx,R6年3月,76,2403-071,ledger_row,
messy/見積台帳_R5年度.xlsx,R6年3月,77,2403-072,ledger_row,
messy/見積書控_2024下期.xlsx,2024.10,1-13,2410-002,printed_block,adjustment line present
messy/見積書控_2024下期.xlsx,2024.10,16-28,2410-003,printed_block,adjustment line present
messy/見積書控_2024下期.xlsx,2024.10,31-44,2410-007,printed_block,adjustment line present
messy/見積書控_2024下期.xlsx,2024.10,47-58,2410-009,printed_block,adjustment line present
messy/見積書控_2024下期.xlsx,2024.10,61-76,2410-010,printed_block,adjustment line present
messy/見積書控_2024下期.xlsx,2024.10,79-89,2410-011,printed_block,
messy/見積書控_2024下期.xlsx,2024.10,92-107,2410-014,printed_block,
messy/見積書控_2024下期.xlsx,2024.10,110-124,2410-015,printed_block,adjustment line present
messy/見積書控_2024下期.xlsx,2024.10,127-138,2410-016,printed_block,adjustment line present
messy/見積書控_2024下期.xlsx,2024.10,141-152,2410-018,printed_block,
messy/見積書控_2024下期.xlsx,2024.10,155-166,2410-019,printed_block,adjustment line present
messy/見積書控_2024下期.xlsx,2024.10,169-180,2410-020,printed_block,
messy/見積書控_2024下期.xlsx,2024.10,183-195,2410-021,printed_block,adjustment line present
messy/見積書控_2024下期.xlsx,2024.10,198-211,2410-022,printed_block,adjustment line present
messy/見積書控_2024下期.xlsx,2024.10,214-226,2410-023,printed_block,adjustment line present
messy/見積書控_2024下期.xlsx,2024.10,229-241,2410-025,printed_block,
messy/見積書控_2024下期.xlsx,2024.10,244-256,2410-026,printed_block,adjustment line present
messy/見積書控_2024下期.xlsx,2024.10,259-273,2410-027,printed_block,
messy/見積書控_2024下期.xlsx,2024.10,276-286,2410-028,printed_block,
messy/見積書控_2024下期.xlsx,2024.10,289-300,2410-029,printed_block,adjustment line present
messy/見積書控_2024下期.xlsx,2024.10,303-315,2410-031,printed_block,adjustment line present
messy/見積書控_2024下期.xlsx,2024.10,318-333,2410-032,printed_block,adjustment line present
messy/見積書控_2024下期.xlsx,2024.10,336-348,2410-034,printed_block,adjustment line present
messy/見積書控_2024下期.xlsx,2024.10,351-363,2410-035,printed_block,adjustment line present
messy/見積書控_2024下期.xlsx,2024.10,366-378,2410-036,printed_block,
messy/見積書控_2024下期.xlsx,2024.10,381-396,2410-037,printed_block,adjustment line present
messy/見積書控_2024下期.xlsx,2024.10,399-414,2410-039,printed_block,adjustment line present
messy/見積書控_2024下期.xlsx,2024.10,417-431,2410-040,printed_block,adjustment line present
messy/見積書控_2024下期.xlsx,2024.10,434-445,2410-041,printed_block,
messy/見積書控_2024下期.xlsx,2024.10,448-462,2410-042,printed_block,adjustment line present
messy/見積書控_2024下期.xlsx,2024.10,465-480,2410-046,printed_block,
messy/見積書控_2024下期.xlsx,2024.10,483-494,2410-047,printed_block,adjustment line present
messy/見積書控_2024下期.xlsx,2024.10,497-510,2410-049,printed_block,
messy/見積書控_2024下期.xlsx,2024.10,513-528,2410-050,printed_block,adjustment line present
messy/見積書控_2024下期.xlsx,2024.10,531-544,2410-052,printed_block,adjustment line present
messy/見積書控_2024下期.xlsx,2024.10,547-558,2410-053,printed_block,adjustment line present
messy/見積書控_2024下期.xlsx,2024.10,561-572,2410-054,printed_block,adjustment line present
messy/見積書控_2024下期.xlsx,2024.10,575-586,2410-055,printed_block,adjustment line present
messy/見積書控_2024下期.xlsx,2024.10,589-601,2410-056,printed_block,adjustment line present
messy/見積書控_2024下期.xlsx,2024.10,604-619,2410-058,printed_block,adjustment line present
messy/見積書控_2024下期.xlsx,2024.10,622-634,2410-059,printed_block,adjustment line present
messy/見積書控_2024下期.xlsx,2024.10,637-652,2410-061,printed_block,adjustment line present
messy/見積書控_2024下期.xlsx,2024.10,655-666,2410-062,printed_block,
messy/見積書控_2024下期.xlsx,2024.10,669-680,2410-064,printed_block,adjustment line present
messy/見積書控_2024下期.xlsx,2024.10,683-694,2410-065,printed_block,
messy/見積書控_2024下期.xlsx,2024.10,697-708,2410-066,printed_block,adjustment line present
messy/見積書控_2024下期.xlsx,2024.10,711-723,2410-069,printed_block,
messy/見積書控_2024下期.xlsx,2024.10,726-742,2410-070,printed_block,adjustment line present
messy/見積書控_2024下期.xlsx,2024.11,1-13,2411-001,printed_block,adjustment line present
messy/見積書控_2024下期.xlsx,2024.11,16-31,2411-002,printed_block,adjustment line present
messy/見積書控_2024下期.xlsx,2024.11,34-48,2411-003,printed_block,adjustment line present
messy/見積書控_2024下期.xlsx,2024.11,51-62,2411-004,printed_block,adjustment line present
messy/見積書控_2024下期.xlsx,2024.11,65-76,2411-005,printed_block,
messy/見積書控_2024下期.xlsx,2024.11,79-95,2411-007,printed_block,adjustment line present
messy/見積書控_2024下期.xlsx,2024.11,98-113,2411-008,printed_block,adjustment line present
messy/見積書控_2024下期.xlsx,2024.11,116-127,2411-009,printed_block,adjustment line present
messy/見積書控_2024下期.xlsx,2024.11,130-142,2411-012,printed_block,adjustment line present
messy/見積書控_2024下期.xlsx,2024.11,145-158,2411-013,printed_block,adjustment line present
messy/見積書控_2024下期.xlsx,2024.11,161-176,2411-014,printed_block,adjustment line present
messy/見積書控_2024下期.xlsx,2024.11,179-192,2411-015,printed_block,adjustment line present
messy/見積書控_2024下期.xlsx,2024.11,195-209,2411-017,printed_block,adjustment line present
messy/見積書控_2024下期.xlsx,2024.11,212-223,2411-018,printed_block,adjustment line present
messy/見積書控_2024下期.xlsx,2024.11,226-242,2411-019,printed_block,adjustment line present
messy/見積書控_2024下期.xlsx,2024.11,245-256,2411-020,printed_block,
messy/見積書控_2024下期.xlsx,2024.11,259-270,2411-021,printed_block,adjustment line present
messy/見積書控_2024下期.xlsx,2024.11,273-284,2411-022,printed_block,
messy/見積書控_2024下期.xlsx,2024.11,287-298,2411-023,printed_block,
messy/見積書控_2024下期.xlsx,2024.11,301-312,2411-024,printed_block,adjustment line present
messy/見積書控_2024下期.xlsx,2024.11,315-330,2411-025,printed_block,adjustment line present
messy/見積書控_2024下期.xlsx,2024.11,333-346,2411-026,printed_block,adjustment line present
messy/見積書控_2024下期.xlsx,2024.11,349-360,2411-027,printed_block,
messy/見積書控_2024下期.xlsx,2024.11,363-376,2411-028,printed_block,adjustment line present
messy/見積書控_2024下期.xlsx,2024.11,379-393,2411-029,printed_block,
messy/見積書控_2024下期.xlsx,2024.11,396-409,2411-030,printed_block,
messy/見積書控_2024下期.xlsx,2024.11,412-423,2411-031,printed_block,
messy/見積書控_2024下期.xlsx,2024.11,426-440,2411-033,printed_block,adjustment line present
messy/見積書控_2024下期.xlsx,2024.11,443-455,2411-036,printed_block,adjustment line present
messy/見積書控_2024下期.xlsx,2024.11,458-471,2411-037,printed_block,adjustment line present
messy/見積書控_2024下期.xlsx,2024.11,474-487,2411-038,printed_block,adjustment line present
messy/見積書控_2024下期.xlsx,2024.11,490-500,2411-042,printed_block,
messy/見積書控_2024下期.xlsx,2024.11,503-516,2411-043,printed_block,adjustment line present
messy/見積書控_2024下期.xlsx,2024.11,519-533,2411-044,printed_block,adjustment line present
messy/見積書控_2024下期.xlsx,2024.11,536-549,2411-045,printed_block,adjustment line present
messy/見積書控_2024下期.xlsx,2024.11,552-563,2411-046,printed_block,adjustment line present
messy/見積書控_2024下期.xlsx,2024.11,566-577,2411-047,printed_block,adjustment line present
messy/見積書控_2024下期.xlsx,2024.11,580-594,2411-049,printed_block,adjustment line present
messy/見積書控_2024下期.xlsx,2024.11,597-610,2411-052,printed_block,adjustment line present
messy/見積書控_2024下期.xlsx,2024.11,613-627,2411-054,printed_block,adjustment line present
messy/見積書控_2024下期.xlsx,2024.11,630-645,2411-055,printed_block,adjustment line present
messy/見積書控_2024下期.xlsx,2024.11,648-658,2411-056,printed_block,
messy/見積書控_2024下期.xlsx,2024.11,661-677,2411-060,printed_block,adjustment line present
messy/見積書控_2024下期.xlsx,2024.11,680-692,2411-061,printed_block,
messy/見積書控_2024下期.xlsx,2024.11,695-711,2411-063,printed_block,adjustment line present
messy/見積書控_2024下期.xlsx,2024.12,1-13,2412-001,printed_block,adjustment line present
messy/見積書控_2024下期.xlsx,2024.12,16-28,2412-003,printed_block,adjustment line present
messy/見積書控_2024下期.xlsx,2024.12,31-47,2412-005,printed_block,adjustment line present
messy/見積書控_2024下期.xlsx,2024.12,50-68,2412-006,printed_block,adjustment line present
messy/見積書控_2024下期.xlsx,2024.12,71-82,2412-007,printed_block,
messy/見積書控_2024下期.xlsx,2024.12,85-100,2412-010,printed_block,adjustment line present
messy/見積書控_2024下期.xlsx,2024.12,103-116,2412-013,printed_block,adjustment line present
messy/見積書控_2024下期.xlsx,2024.12,119-131,2412-014,printed_block,adjustment line present
messy/見積書控_2024下期.xlsx,2024.12,134-145,2412-015,printed_block,
messy/見積書控_2024下期.xlsx,2024.12,148-158,2412-018,printed_block,
messy/見積書控_2024下期.xlsx,2024.12,161-172,2412-021,printed_block,adjustment line present
messy/見積書控_2024下期.xlsx,2024.12,175-191,2412-022,printed_block,adjustment line present
messy/見積書控_2024下期.xlsx,2024.12,194-207,2412-027,printed_block,adjustment line present
messy/見積書控_2024下期.xlsx,2024.12,210-221,2412-028,printed_block,
messy/見積書控_2024下期.xlsx,2024.12,224-235,2412-030,printed_block,adjustment line present
messy/見積書控_2024下期.xlsx,2024.12,238-253,2412-031,printed_block,
messy/見積書控_2024下期.xlsx,2024.12,256-268,2412-032,printed_block,adjustment line present
messy/見積書控_2024下期.xlsx,2024.12,271-283,2412-033,printed_block,adjustment line present
messy/見積書控_2024下期.xlsx,2024.12,286-301,2412-034,printed_block,adjustment line present
messy/見積書控_2024下期.xlsx,2024.12,304-315,2412-036,printed_block,
messy/見積書控_2024下期.xlsx,2024.12,318-330,2412-038,printed_block,adjustment line present
messy/見積書控_2024下期.xlsx,2024.12,333-347,2412-039,printed_block,adjustment line present
messy/見積書控_2024下期.xlsx,2024.12,350-361,2412-041,printed_block,adjustment line present
messy/見積書控_2024下期.xlsx,2024.12,364-377,2412-044,printed_block,
messy/見積書控_2024下期.xlsx,2024.12,380-391,2412-045,printed_block,
messy/見積書控_2024下期.xlsx,2024.12,394-409,2412-046,printed_block,adjustment line present
messy/見積書控_2024下期.xlsx,2024.12,412-427,2412-047,printed_block,adjustment line present
messy/見積書控_2024下期.xlsx,2024.12,430-441,2412-048,printed_block,adjustment line present
messy/見積書控_2024下期.xlsx,2024.12,444-455,2412-049,printed_block,adjustment line present
messy/見積書控_2024下期.xlsx,2024.12,458-472,2412-050,printed_block,adjustment line present
messy/見積書控_2024下期.xlsx,2024.12,475-490,2412-053,printed_block,adjustment line present
messy/見積書控_2024下期.xlsx,2024.12,493-507,2412-057,printed_block,adjustment line present
messy/見積書控_2024下期.xlsx,2024.12,510-524,2412-058,printed_block,adjustment line present
messy/見積書控_2024下期.xlsx,2024.12,527-538,2412-059,printed_block,adjustment line present
messy/見積書控_2024下期.xlsx,2024.12,541-552,2412-060,printed_block,adjustment line present
messy/見積書控_2024下期.xlsx,2024.12,555-566,2412-062,printed_block,
messy/見積書控_2024下期.xlsx,2025.01,1-12,2501-002,printed_block,adjustment line present
messy/見積書控_2024下期.xlsx,2025.01,15-25,2501-003,printed_block,
messy/見積書控_2024下期.xlsx,2025.01,28-43,2501-004,printed_block,adjustment line present
messy/見積書控_2024下期.xlsx,2025.01,46-57,2501-006,printed_block,adjustment line present
messy/見積書控_2024下期.xlsx,2025.01,60-75,2501-008,printed_block,adjustment line present
messy/見積書控_2024下期.xlsx,2025.01,78-90,2501-010,printed_block,adjustment line present
messy/見積書控_2024下期.xlsx,2025.01,93-110,2501-011,printed_block,adjustment line present
messy/見積書控_2024下期.xlsx,2025.01,113-127,2501-013,printed_block,adjustment line present
messy/見積書控_2024下期.xlsx,2025.01,130-146,2501-014,printed_block,adjustment line present
messy/見積書控_2024下期.xlsx,2025.01,149-162,2501-015,printed_block,adjustment line present
messy/見積書控_2024下期.xlsx,2025.01,165-181,2501-017,printed_block,adjustment line present
messy/見積書控_2024下期.xlsx,2025.01,184-196,2501-020,printed_block,adjustment line present
messy/見積書控_2024下期.xlsx,2025.01,199-213,2501-021,printed_block,adjustment line present
messy/見積書控_2024下期.xlsx,2025.01,216-231,2501-022,printed_block,adjustment line present
messy/見積書控_2024下期.xlsx,2025.01,234-248,2501-024,printed_block,adjustment line present
messy/見積書控_2024下期.xlsx,2025.01,251-261,2501-026,printed_block,
messy/見積書控_2024下期.xlsx,2025.01,264-279,2501-028,printed_block,adjustment line present
messy/見積書控_2024下期.xlsx,2025.01,282-296,2501-030,printed_block,adjustment line present
messy/見積書控_2024下期.xlsx,2025.01,299-313,2501-032,printed_block,adjustment line present
messy/見積書控_2024下期.xlsx,2025.01,316-328,2501-033,printed_block,
messy/見積書控_2024下期.xlsx,2025.01,331-342,2501-034,printed_block,
messy/見積書控_2024下期.xlsx,2025.01,345-356,2501-036,printed_block,adjustment line present
messy/見積書控_2024下期.xlsx,2025.01,359-371,2501-039,printed_block,adjustment line present
messy/見積書控_2024下期.xlsx,2025.01,374-390,2501-040,printed_block,adjustment line present
messy/見積書控_2024下期.xlsx,2025.01,393-404,2501-041,printed_block,
messy/見積書控_2024下期.xlsx,2025.02,1-12,2502-001,printed_block,
messy/見積書控_2024下期.xlsx,2025.02,15-26,2502-002,printed_block,
messy/見積書控_2024下期.xlsx,2025.02,29-40,2502-005,printed_block,adjustment line present
messy/見積書控_2024下期.xlsx,2025.02,43-56,2502-006,printed_block,
messy/見積書控_2024下期.xlsx,2025.02,59-69,2502-007,printed_block,
messy/見積書控_2024下期.xlsx,2025.02,72-83,2502-009,printed_block,adjustment line present
messy/見積書控_2024下期.xlsx,2025.02,86-98,2502-011,printed_block,adjustment line present
messy/見積書控_2024下期.xlsx,2025.02,101-116,2502-013,printed_block,adjustment line present
messy/見積書控_2024下期.xlsx,2025.02,119-130,2502-015,printed_block,
messy/見積書控_2024下期.xlsx,2025.02,133-146,2502-017,printed_block,adjustment line present
messy/見積書控_2024下期.xlsx,2025.02,149-160,2502-018,printed_block,adjustment line present
messy/見積書控_2024下期.xlsx,2025.02,163-177,2502-020,printed_block,adjustment line present
messy/見積書控_2024下期.xlsx,2025.02,180-193,2502-021,printed_block,
messy/見積書控_2024下期.xlsx,2025.02,196-207,2502-022,printed_block,adjustment line present
messy/見積書控_2024下期.xlsx,2025.02,210-221,2502-024,printed_block,adjustment line present
messy/見積書控_2024下期.xlsx,2025.02,224-236,2502-026,printed_block,adjustment line present
messy/見積書控_2024下期.xlsx,2025.02,239-250,2502-027,printed_block,adjustment line present
messy/見積書控_2024下期.xlsx,2025.02,253-267,2502-028,printed_block,adjustment line present
messy/見積書控_2024下期.xlsx,2025.02,270-282,2502-029,printed_block,
messy/見積書控_2024下期.xlsx,2025.02,285-299,2502-031,printed_block,adjustment line present
messy/見積書控_2024下期.xlsx,2025.02,302-313,2502-032,printed_block,adjustment line present
messy/見積書控_2024下期.xlsx,2025.02,316-326,2502-033,printed_block,
messy/見積書控_2024下期.xlsx,2025.02,329-340,2502-035,printed_block,adjustment line present
messy/見積書控_2024下期.xlsx,2025.02,343-353,2502-037,printed_block,
messy/見積書控_2024下期.xlsx,2025.02,356-370,2502-038,printed_block,adjustment line present
messy/見積書控_2024下期.xlsx,2025.02,373-387,2502-039,printed_block,adjustment line present
messy/見積書控_2024下期.xlsx,2025.02,390-404,2502-006-2,printed_block,adjustment line present
messy/見積書控_2024下期.xlsx,2025.02,407-417,2502-042,printed_block,
messy/見積書控_2024下期.xlsx,2025.02,420-432,2502-044,printed_block,adjustment line present
messy/見積書控_2024下期.xlsx,2025.02,435-448,2502-045,printed_block,adjustment line present
messy/見積書控_2024下期.xlsx,2025.02,451-464,2502-046,printed_block,
messy/見積書控_2024下期.xlsx,2025.02,467-480,2502-047,printed_block,
messy/見積書控_2024下期.xlsx,2025.02,483-498,2502-049,printed_block,adjustment line present
messy/見積書控_2024下期.xlsx,2025.02,501-512,2502-050,printed_block,adjustment line present
messy/見積書控_2024下期.xlsx,2025.02,515-525,2502-051,printed_block,
messy/見積書控_2024下期.xlsx,2025.02,528-540,2502-052,printed_block,adjustment line present
messy/見積書控_2024下期.xlsx,2025.02,543-559,2502-054,printed_block,adjustment line present
messy/見積書控_2024下期.xlsx,2025.02,562-578,2502-057,printed_block,adjustment line present
messy/見積書控_2024下期.xlsx,2025.02,581-592,2502-058,printed_block,
messy/見積書控_2024下期.xlsx,2025.02,595-606,2502-059,printed_block,adjustment line present
messy/見積書控_2024下期.xlsx,2025.02,609-624,2502-060,printed_block,adjustment line present
messy/見積書控_2024下期.xlsx,2025.02,627-639,2502-061,printed_block,adjustment line present
messy/見積書控_2024下期.xlsx,2025.02,642-654,2502-062,printed_block,adjustment line present
messy/見積書控_2024下期.xlsx,2025.02,657-669,2502-063,printed_block,adjustment line present
messy/見積書控_2024下期.xlsx,2025.02,672-682,2502-064,printed_block,
messy/見積書控_2024下期.xlsx,2025.02,685-698,2502-065,printed_block,adjustment line present
messy/見積書控_2024下期.xlsx,2025.02,701-713,2502-068,printed_block,adjustment line present
messy/見積書控_2024下期.xlsx,2025.02,716-730,2502-069,printed_block,adjustment line present
messy/見積書控_2024下期.xlsx,2025.02,733-744,2502-071,printed_block,adjustment line present
messy/見積書控_2024下期.xlsx,2025.03,1-12,2503-001,printed_block,adjustment line present
messy/見積書控_2024下期.xlsx,2025.03,15-31,2503-002,printed_block,adjustment line present
messy/見積書控_2024下期.xlsx,2025.03,34-49,2503-004,printed_block,adjustment line present
messy/見積書控_2024下期.xlsx,2025.03,52-69,2503-005,printed_block,adjustment line present
messy/見積書控_2024下期.xlsx,2025.03,72-84,2503-008,printed_block,adjustment line present
messy/見積書控_2024下期.xlsx,2025.03,87-101,2503-010,printed_block,adjustment line present
messy/見積書控_2024下期.xlsx,2025.03,104-115,2503-011,printed_block,
messy/見積書控_2024下期.xlsx,2025.03,118-129,2503-012,printed_block,adjustment line present
messy/見積書控_2024下期.xlsx,2025.03,132-146,2503-013,printed_block,
messy/見積書控_2024下期.xlsx,2025.03,149-162,2503-015,printed_block,adjustment line present
messy/見積書控_2024下期.xlsx,2025.03,165-176,2503-016,printed_block,adjustment line present
messy/見積書控_2024下期.xlsx,2025.03,179-191,2503-017,printed_block,adjustment line present
messy/見積書控_2024下期.xlsx,2025.03,194-205,2503-018,printed_block,adjustment line present
messy/見積書控_2024下期.xlsx,2025.03,208-221,2503-020,printed_block,
messy/見積書控_2024下期.xlsx,2025.03,224-236,2503-022,printed_block,adjustment line present
messy/見積書控_2024下期.xlsx,2025.03,239-251,2503-025,printed_block,adjustment line present
messy/見積書控_2024下期.xlsx,2025.03,254-265,2503-026,printed_block,adjustment line present
messy/見積書控_2024下期.xlsx,2025.03,268-281,2503-027,printed_block,adjustment line present
messy/見積書控_2024下期.xlsx,2025.03,284-298,2503-030,printed_block,adjustment line present
messy/見積書控_2024下期.xlsx,2025.03,301-313,2503-033,printed_block,
messy/見積書控_2024下期.xlsx,2025.03,316-327,2503-034,printed_block,adjustment line present
messy/見積書控_2024下期.xlsx,2025.03,330-345,2503-035,printed_block,adjustment line present
messy/見積書控_2024下期.xlsx,2025.03,348-360,2503-041,printed_block,
messy/見積書控_2024下期.xlsx,2025.03,363-377,2503-042,printed_block,adjustment line present
messy/見積書控_2024下期.xlsx,2025.03,380-395,2503-043,printed_block,adjustment line present
messy/見積書控_2024下期.xlsx,2025.03,398-410,2503-044,printed_block,adjustment line present
messy/見積書控_2024下期.xlsx,2025.03,413-425,2503-045,printed_block,adjustment line present
messy/見積書控_2024下期.xlsx,2025.03,428-438,2503-046,printed_block,
messy/見積書控_2024下期.xlsx,2025.03,441-453,2503-050,printed_block,
messy/見積書控_2024下期.xlsx,2025.03,456-470,2503-051,printed_block,adjustment line present
messy/見積書控_2024下期.xlsx,2025.03,473-483,2503-054,printed_block,
messy/見積書控_2024下期.xlsx,2025.03,486-500,2503-055,printed_block,adjustment line present
messy/見積書控_2024下期.xlsx,2025.03,503-513,2503-057,printed_block,
messy/見積書控_2024下期.xlsx,2025.03,516-526,2503-058,printed_block,
messy/見積書控_2024下期.xlsx,2025.03,529-544,2503-060,printed_block,adjustment line present
messy/見積書控_2024下期.xlsx,2025.03,547-559,2503-061,printed_block,adjustment line present
messy/見積書控_2024下期.xlsx,2025.03,562-575,2503-015-2,printed_block,adjustment line present
messy/見積書控_2024下期.xlsx,2025.03,578-589,2503-068,printed_block,adjustment line present
messy/見積書控_2024下期.xlsx,2025.03,592-602,2503-069,printed_block,
messy/見積書控_2024下期.xlsx,2025.03,605-616,2503-071,printed_block,
messy/見積書控_2024下期.xlsx,2025.03,619-634,2503-072,printed_block,adjustment line present
messy/見積書控_2024下期.xlsx,2025.03,637-647,2503-074,printed_block,
messy/見積書控_2024下期.xlsx,2025.03,650-664,2503-078,printed_block,adjustment line present
messy/見積書控_2024下期.xlsx,2025.03,667-678,2503-081,printed_block,adjustment line present
messy/見積書控_2024下期.xlsx,2025.03,681-691,2503-082,printed_block,
messy/見積書控_2024下期.xlsx,2025.03,694-705,2503-083,printed_block,adjustment line present
messy/見積書控_2024下期.xlsx,2025.03,708-723,2503-084,printed_block,adjustment line present
messy/得意先別見積一覧.xlsx,1012,4,2404-004,list_row,
messy/得意先別見積一覧.xlsx,1012,5,2405-039,list_row,
messy/得意先別見積一覧.xlsx,1012,6,2406-009,list_row,
messy/得意先別見積一覧.xlsx,1012,7,2408-001,list_row,
messy/得意先別見積一覧.xlsx,1012,8,2409-007,list_row,
messy/得意先別見積一覧.xlsx,1012,9,2409-010,list_row,
messy/得意先別見積一覧.xlsx,1012,10,2410-031,list_row,
messy/得意先別見積一覧.xlsx,1012,11,2410-044,list_row,
messy/得意先別見積一覧.xlsx,1012,12,2410-047,list_row,
messy/得意先別見積一覧.xlsx,1012,13,2411-063,list_row,
messy/得意先別見積一覧.xlsx,1012,14,2411-063,adjustment_row,
messy/得意先別見積一覧.xlsx,1012,15,2501-002,list_row,
messy/得意先別見積一覧.xlsx,1012,16,2501-006,list_row,
messy/得意先別見積一覧.xlsx,1012,17,2501-037,list_row,
messy/得意先別見積一覧.xlsx,1012,18,2501-039,list_row,
messy/得意先別見積一覧.xlsx,1012,19,2502-064,list_row,
messy/得意先別見積一覧.xlsx,1012,20,2503-044,list_row,
messy/得意先別見積一覧.xlsx,1012,21,2503-050,list_row,
messy/得意先別見積一覧.xlsx,1012,22,2503-057,list_row,
messy/得意先別見積一覧.xlsx,1012,23,2504-026,list_row,
messy/得意先別見積一覧.xlsx,1012,24,2504-057,list_row,
messy/得意先別見積一覧.xlsx,1012,25,2505-039,list_row,
messy/得意先別見積一覧.xlsx,1012,26,2506-062,list_row,
messy/得意先別見積一覧.xlsx,1012,27,2507-012,list_row,
messy/得意先別見積一覧.xlsx,1012,28,2507-022,list_row,
messy/得意先別見積一覧.xlsx,1012,29,2507-042,list_row,
messy/得意先別見積一覧.xlsx,1012,30,2507-047,list_row,
messy/得意先別見積一覧.xlsx,1012,31,2507-066,list_row,
messy/得意先別見積一覧.xlsx,1012,32,2507-069,list_row,
messy/得意先別見積一覧.xlsx,1012,33,2507-081,list_row,
messy/得意先別見積一覧.xlsx,1012,34,2508-009,list_row,
messy/得意先別見積一覧.xlsx,1012,35,2508-027,list_row,
messy/得意先別見積一覧.xlsx,1012,36,2508-030,list_row,
messy/得意先別見積一覧.xlsx,1012,37,2508-042,list_row,
messy/得意先別見積一覧.xlsx,1012,38,2509-007,list_row,
messy/得意先別見積一覧.xlsx,1012,39,2509-025,list_row,
messy/得意先別見積一覧.xlsx,1012,40,2509-026,list_row,
messy/得意先別見積一覧.xlsx,１０２２,4,2404-052,list_row,
messy/得意先別見積一覧.xlsx,１０２２,5,2405-023,list_row,
messy/得意先別見積一覧.xlsx,１０２２,6,2405-034,list_row,
messy/得意先別見積一覧.xlsx,１０２２,7,2405-051,list_row,
messy/得意先別見積一覧.xlsx,１０２２,8,2406-024,list_row,
messy/得意先別見積一覧.xlsx,１０２２,9,2407-004,list_row,
messy/得意先別見積一覧.xlsx,１０２２,10,2407-020,list_row,
messy/得意先別見積一覧.xlsx,１０２２,11,2407-058,list_row,
messy/得意先別見積一覧.xlsx,１０２２,12,2407-070,list_row,
messy/得意先別見積一覧.xlsx,１０２２,13,2408-046,list_row,
messy/得意先別見積一覧.xlsx,１０２２,14,2409-061,list_row,
messy/得意先別見積一覧.xlsx,１０２２,15,2411-019,list_row,
messy/得意先別見積一覧.xlsx,１０２２,16,2411-045,list_row,
messy/得意先別見積一覧.xlsx,１０２２,17,2411-054,list_row,
messy/得意先別見積一覧.xlsx,１０２２,18,2501-015,list_row,
messy/得意先別見積一覧.xlsx,１０２２,19,2502-031,list_row,
messy/得意先別見積一覧.xlsx,１０２２,20,2502-051,list_row,
messy/得意先別見積一覧.xlsx,１０２２,21,2504-006,list_row,
messy/得意先別見積一覧.xlsx,１０２２,22,2504-033,list_row,
messy/得意先別見積一覧.xlsx,１０２２,23,2504-067,list_row,
messy/得意先別見積一覧.xlsx,１０２２,24,2504-077,list_row,
messy/得意先別見積一覧.xlsx,１０２２,25,2505-052,list_row,
messy/得意先別見積一覧.xlsx,１０２２,26,2506-043,list_row,
messy/得意先別見積一覧.xlsx,１０２２,27,2507-043,list_row,
messy/得意先別見積一覧.xlsx,１０２２,28,2508-013,list_row,
messy/得意先別見積一覧.xlsx,１０２２,29,2508-014,list_row,
messy/得意先別見積一覧.xlsx,１０２２,30,2508-018,list_row,
messy/得意先別見積一覧.xlsx,１０２２,31,2508-034,list_row,
messy/得意先別見積一覧.xlsx,１０２２,32,2509-010,list_row,
messy/得意先別見積一覧.xlsx,１０２２,33,2509-012,list_row,
messy/得意先別見積一覧.xlsx,１０２２,34,2509-019,list_row,
messy/得意先別見積一覧.xlsx,１０２２,35,2509-067,list_row,
messy/得意先別見積一覧.xlsx,1023様,5,2404-029,list_row,
messy/得意先別見積一覧.xlsx,1023様,6,2404-032,list_row,
messy/得意先別見積一覧.xlsx,1023様,7,2404-032,adjustment_row,
messy/得意先別見積一覧.xlsx,1023様,8,2404-047,list_row,
messy/得意先別見積一覧.xlsx,1023様,9,2404-047,adjustment_row,
messy/得意先別見積一覧.xlsx,1023様,10,2405-013,list_row,
messy/得意先別見積一覧.xlsx,1023様,11,2405-014,list_row,
messy/得意先別見積一覧.xlsx,1023様,12,2405-014,adjustment_row,
messy/得意先別見積一覧.xlsx,1023様,13,2405-021,list_row,
messy/得意先別見積一覧.xlsx,1023様,14,2405-024,list_row,
messy/得意先別見積一覧.xlsx,1023様,15,2405-028,list_row,
messy/得意先別見積一覧.xlsx,1023様,16,2405-028,adjustment_row,
messy/得意先別見積一覧.xlsx,1023様,17,2405-056,list_row,
messy/得意先別見積一覧.xlsx,1023様,18,2405-056,adjustment_row,
messy/得意先別見積一覧.xlsx,1023様,19,2406-002,list_row,
messy/得意先別見積一覧.xlsx,1023様,20,2406-004,list_row,
messy/得意先別見積一覧.xlsx,1023様,21,2406-012,list_row,
messy/得意先別見積一覧.xlsx,1023様,22,2406-014,list_row,
messy/得意先別見積一覧.xlsx,1023様,23,2407-066,list_row,
messy/得意先別見積一覧.xlsx,1023様,24,2407-066,adjustment_row,
messy/得意先別見積一覧.xlsx,1023様,25,2408-039,list_row,
messy/得意先別見積一覧.xlsx,1023様,26,2409-006,list_row,
messy/得意先別見積一覧.xlsx,1023様,27,2409-006,adjustment_row,
messy/得意先別見積一覧.xlsx,1023様,28,2409-012,list_row,
messy/得意先別見積一覧.xlsx,1023様,29,2409-012,adjustment_row,
messy/得意先別見積一覧.xlsx,1023様,30,2409-013,list_row,
messy/得意先別見積一覧.xlsx,1023様,31,2409-015,list_row,
messy/得意先別見積一覧.xlsx,1023様,32,2409-038,list_row,
messy/得意先別見積一覧.xlsx,1023様,33,2409-045,list_row,
messy/得意先別見積一覧.xlsx,1023様,34,2409-052,list_row,
messy/得意先別見積一覧.xlsx,1023様,35,2409-060,list_row,
messy/得意先別見積一覧.xlsx,1023様,36,2410-003,list_row,
messy/得意先別見積一覧.xlsx,1023様,37,2410-009,list_row,
messy/得意先別見積一覧.xlsx,1023様,38,2410-039,list_row,
messy/得意先別見積一覧.xlsx,1023様,39,2410-039,adjustment_row,
messy/得意先別見積一覧.xlsx,1023様,40,2410-061,list_row,
messy/得意先別見積一覧.xlsx,1023様,41,2411-002,list_row,
messy/得意先別見積一覧.xlsx,1023様,42,2411-002,adjustment_row,
messy/得意先別見積一覧.xlsx,1023様,43,2411-014,list_row,
messy/得意先別見積一覧.xlsx,1023様,44,2411-025,list_row,
messy/得意先別見積一覧.xlsx,1023様,45,2411-025,adjustment_row,
messy/得意先別見積一覧.xlsx,1023様,46,2411-028,list_row,
messy/得意先別見積一覧.xlsx,1023様,47,2411-029,list_row,
messy/得意先別見積一覧.xlsx,1023様,48,2411-037,list_row,
messy/得意先別見積一覧.xlsx,1023様,49,2411-037,adjustment_row,
messy/得意先別見積一覧.xlsx,1023様,50,2411-047,list_row,
messy/得意先別見積一覧.xlsx,1023様,51,2411-051,list_row,
messy/得意先別見積一覧.xlsx,1023様,52,2412-030,list_row,
messy/得意先別見積一覧.xlsx,1023様,53,2412-033,list_row,
messy/得意先別見積一覧.xlsx,1023様,54,2412-050,list_row,
messy/得意先別見積一覧.xlsx,1023様,56,2501-008,list_row,
messy/得意先別見積一覧.xlsx,1023様,57,2501-008,adjustment_row,
messy/得意先別見積一覧.xlsx,1023様,58,2501-010,list_row,
messy/得意先別見積一覧.xlsx,1023様,59,2501-011,list_row,
messy/得意先別見積一覧.xlsx,1023様,60,2501-020,list_row,
messy/得意先別見積一覧.xlsx,1023様,61,2501-021,list_row,
messy/得意先別見積一覧.xlsx,1023様,62,2501-021,adjustment_row,
messy/得意先別見積一覧.xlsx,1023様,63,2501-026,list_row,
messy/得意先別見積一覧.xlsx,1023様,64,2501-036,list_row,
messy/得意先別見積一覧.xlsx,1023様,65,2502-017,list_row,
messy/得意先別見積一覧.xlsx,1023様,66,2502-022,list_row,
messy/得意先別見積一覧.xlsx,1023様,67,2502-022,adjustment_row,
messy/得意先別見積一覧.xlsx,1023様,68,2502-061,list_row,
messy/得意先別見積一覧.xlsx,1023様,69,2502-062,list_row,
messy/得意先別見積一覧.xlsx,1023様,70,2502-062,adjustment_row,
messy/得意先別見積一覧.xlsx,1023様,71,2503-005,list_row,
messy/得意先別見積一覧.xlsx,1023様,72,2503-005,adjustment_row,
messy/得意先別見積一覧.xlsx,1023様,73,2503-027,list_row,
messy/得意先別見積一覧.xlsx,1023様,74,2503-030,list_row,
messy/得意先別見積一覧.xlsx,1023様,75,2503-030,adjustment_row,
messy/得意先別見積一覧.xlsx,1023様,76,2503-041,list_row,
messy/得意先別見積一覧.xlsx,1023様,77,2503-055,list_row,
messy/得意先別見積一覧.xlsx,1023様,78,2503-055,adjustment_row,
messy/得意先別見積一覧.xlsx,1023様,79,2503-069,list_row,
messy/得意先別見積一覧.xlsx,1023様,80,2503-081,list_row,
messy/得意先別見積一覧.xlsx,1023様,81,2503-081,adjustment_row,
messy/得意先別見積一覧.xlsx,1023様,82,2504-016,list_row,
messy/得意先別見積一覧.xlsx,1023様,83,2504-016,adjustment_row,
messy/得意先別見積一覧.xlsx,1023様,84,2504-048,list_row,
messy/得意先別見積一覧.xlsx,1023様,85,2504-048,adjustment_row,
messy/得意先別見積一覧.xlsx,1023様,86,2504-075,list_row,
messy/得意先別見積一覧.xlsx,1023様,87,2505-002,list_row,
messy/得意先別見積一覧.xlsx,1023様,88,2505-021,list_row,
messy/得意先別見積一覧.xlsx,1023様,89,2505-024,list_row,
messy/得意先別見積一覧.xlsx,1023様,90,2505-024,adjustment_row,
messy/得意先別見積一覧.xlsx,1023様,91,2505-029,list_row,
messy/得意先別見積一覧.xlsx,1023様,92,2505-029,adjustment_row,
messy/得意先別見積一覧.xlsx,1023様,93,2505-034,list_row,
messy/得意先別見積一覧.xlsx,1023様,94,2505-034,adjustment_row,
messy/得意先別見積一覧.xlsx,1023様,95,2505-021-2,list_row,
messy/得意先別見積一覧.xlsx,1023様,96,2505-021-2,adjustment_row,
messy/得意先別見積一覧.xlsx,1023様,97,2505-053,list_row,
messy/得意先別見積一覧.xlsx,1023様,98,2505-053,adjustment_row,
messy/得意先別見積一覧.xlsx,1023様,99,2505-057,list_row,
messy/得意先別見積一覧.xlsx,1023様,100,2505-057,adjustment_row,
messy/得意先別見積一覧.xlsx,1023様,101,2506-011,list_row,
messy/得意先別見積一覧.xlsx,1023様,102,2506-027,list_row,
messy/得意先別見積一覧.xlsx,1023様,103,2506-042,list_row,
messy/得意先別見積一覧.xlsx,1023様,104,2507-004,list_row,
messy/得意先別見積一覧.xlsx,1023様,105,2507-004,adjustment_row,
messy/得意先別見積一覧.xlsx,1023様,106,2507-021,list_row,
messy/得意先別見積一覧.xlsx,1023様,107,2507-050,list_row,
messy/得意先別見積一覧.xlsx,1023様,108,2507-050,adjustment_row,
messy/得意先別見積一覧.xlsx,1023様,109,2507-056,list_row,
messy/得意先別見積一覧.xlsx,1023様,110,2507-056,adjustment_row,
messy/得意先別見積一覧.xlsx,1023様,111,2508-022,list_row,
messy/得意先別見積一覧.xlsx,1023様,112,2508-022,adjustment_row,
messy/得意先別見積一覧.xlsx,1023様,113,2509-046,list_row,
messy/得意先別見積一覧.xlsx,1023様,114,2509-081,list_row,
messy/得意先別見積一覧.xlsx,1023様,115,2509-081,adjustment_row,
messy/得意先別見積一覧.xlsx,1041,4,2404-002,list_row,
messy/得意先別見積一覧.xlsx,1041,5,2404-024,list_row,
messy/得意先別見積一覧.xlsx,1041,6,2404-046,list_row,
messy/得意先別見積一覧.xlsx,1041,7,2405-018,list_row,
messy/得意先別見積一覧.xlsx,1041,8,2405-019,list_row,
messy/得意先別見積一覧.xlsx,1041,9,2406-017,list_row,
messy/得意先別見積一覧.xlsx,1041,10,2406-047,list_row,
messy/得意先別見積一覧.xlsx,1041,11,2406-050,list_row,
messy/得意先別見積一覧.xlsx,1041,12,2407-009,list_row,
messy/得意先別見積一覧.xlsx,1041,13,2408-006,list_row,
messy/得意先別見積一覧.xlsx,1041,14,2408-010,list_row,
messy/得意先別見積一覧.xlsx,1041,15,2408-018,list_row,
messy/得意先別見積一覧.xlsx,1041,16,2408-019,list_row,
messy/得意先別見積一覧.xlsx,1041,17,2408-019,adjustment_row,
messy/得意先別見積一覧.xlsx,1041,18,2408-022,list_row,
messy/得意先別見積一覧.xlsx,1041,19,2408-026,list_row,
messy/得意先別見積一覧.xlsx,1041,20,2408-027,list_row,
messy/得意先別見積一覧.xlsx,1041,21,2408-028,list_row,
messy/得意先別見積一覧.xlsx,1041,22,2408-010-2,list_row,
messy/得意先別見積一覧.xlsx,1041,23,2408-042,list_row,
messy/得意先別見積一覧.xlsx,1041,24,2410-015,list_row,
messy/得意先別見積一覧.xlsx,1041,25,2410-049,list_row,
messy/得意先別見積一覧.xlsx,1041,26,2410-058,list_row,
messy/得意先別見積一覧.xlsx,1041,27,2412-013,list_row,
messy/得意先別見積一覧.xlsx,1041,28,2412-040,list_row,
messy/得意先別見積一覧.xlsx,1041,29,2501-014,list_row,
messy/得意先別見積一覧.xlsx,1041,30,2502-046,list_row,
messy/得意先別見積一覧.xlsx,1041,31,2502-065,list_row,
messy/得意先別見積一覧.xlsx,1041,32,2502-066,list_row,
messy/得意先別見積一覧.xlsx,1041,33,2503-035,list_row,
messy/得意先別見積一覧.xlsx,1041,34,2503-084,list_row,
messy/得意先別見積一覧.xlsx,1041,35,2504-009,list_row,
messy/得意先別見積一覧.xlsx,1041,36,2504-066,list_row,
messy/得意先別見積一覧.xlsx,1041,37,2504-083,list_row,
messy/得意先別見積一覧.xlsx,1041,38,2505-013,list_row,
messy/得意先別見積一覧.xlsx,1041,39,2505-042,list_row,
messy/得意先別見積一覧.xlsx,1041,40,2505-046,list_row,
messy/得意先別見積一覧.xlsx,1041,41,2509-013,list_row,
messy/得意先別見積一覧.xlsx,1041,42,2509-016,list_row,
messy/得意先別見積一覧.xlsx,1041,43,2509-035,list_row,
messy/得意先別見積一覧.xlsx,1041,44,2509-039,list_row,
messy/得意先別見積一覧.xlsx,１０７４,4,2404-043,list_row,
messy/得意先別見積一覧.xlsx,１０７４,5,2405-015,list_row,
messy/得意先別見積一覧.xlsx,１０７４,6,2405-042,list_row,
messy/得意先別見積一覧.xlsx,１０７４,7,2406-049,list_row,
messy/得意先別見積一覧.xlsx,１０７４,8,2406-053,list_row,
messy/得意先別見積一覧.xlsx,１０７４,9,2406-054,list_row,
messy/得意先別見積一覧.xlsx,１０７４,10,2407-002,list_row,
messy/得意先別見積一覧.xlsx,１０７４,11,2407-010,list_row,
messy/得意先別見積一覧.xlsx,１０７４,12,2407-027,list_row,
messy/得意先別見積一覧.xlsx,１０７４,13,2407-044,list_row,
messy/得意先別見積一覧.xlsx,１０７４,14,2409-005,list_row,
messy/得意先別見積一覧.xlsx,１０７４,15,2409-019,list_row,
messy/得意先別見積一覧.xlsx,１０７４,16,2410-025,list_row,
messy/得意先別見積一覧.xlsx,１０７４,17,2411-011,list_row,
messy/得意先別見積一覧.xlsx,１０７４,18,2411-040,list_row,
messy/得意先別見積一覧.xlsx,１０７４,19,2412-019,list_row,
messy/得意先別見積一覧.xlsx,１０７４,20,2412-024,list_row,
messy/得意先別見積一覧.xlsx,１０７４,21,2412-043,list_row,
messy/得意先別見積一覧.xlsx,１０７４,22,2412-043,adjustment_row,
messy/得意先別見積一覧.xlsx,１０７４,23,2501-031,list_row,
messy/得意先別見積一覧.xlsx,１０７４,24,2501-042,list_row,
messy/得意先別見積一覧.xlsx,１０７４,25,2503-031,list_row,
messy/得意先別見積一覧.xlsx,１０７４,26,2503-037,list_row,
messy/得意先別見積一覧.xlsx,１０７４,27,2503-048,list_row,
messy/得意先別見積一覧.xlsx,１０７４,28,2504-030,list_row,
messy/得意先別見積一覧.xlsx,１０７４,29,2504-039,list_row,
messy/得意先別見積一覧.xlsx,１０７４,30,2504-073,list_row,
messy/得意先別見積一覧.xlsx,１０７４,31,2506-010,list_row,
messy/得意先別見積一覧.xlsx,１０７４,32,2506-037,list_row,
messy/得意先別見積一覧.xlsx,１０７４,33,2507-046,list_row,
messy/得意先別見積一覧.xlsx,１０７４,34,2508-037,list_row,
messy/得意先別見積一覧.xlsx,１０７４,35,2509-015,list_row,
messy/得意先別見積一覧.xlsx,１０７４,36,2509-021,list_row,
messy/得意先別見積一覧.xlsx,１０７４,37,2509-033,list_row,
messy/得意先別見積一覧.xlsx,１０７４,38,2509-062,list_row,
messy/得意先別見積一覧.xlsx,１０７４,39,2509-069,list_row,
messy/得意先別見積一覧.xlsx,1077様,5,2404-031,list_row,
messy/得意先別見積一覧.xlsx,1077様,6,2404-034,list_row,
messy/得意先別見積一覧.xlsx,1077様,7,2404-045,list_row,
messy/得意先別見積一覧.xlsx,1077様,8,2405-009,list_row,
messy/得意先別見積一覧.xlsx,1077様,9,2405-037,list_row,
messy/得意先別見積一覧.xlsx,1077様,10,2405-038,list_row,
messy/得意先別見積一覧.xlsx,1077様,11,2406-019,list_row,
messy/得意先別見積一覧.xlsx,1077様,12,2406-022,list_row,
messy/得意先別見積一覧.xlsx,1077様,13,2406-056,list_row,
messy/得意先別見積一覧.xlsx,1077様,14,2406-061,list_row,
messy/得意先別見積一覧.xlsx,1077様,15,2407-042,list_row,
messy/得意先別見積一覧.xlsx,1077様,16,2408-029,list_row,
messy/得意先別見積一覧.xlsx,1077様,17,2409-043,list_row,
messy/得意先別見積一覧.xlsx,1077様,18,2409-049,list_row,
messy/得意先別見積一覧.xlsx,1077様,19,2409-050,list_row,"transcription error (swap): list shows 92900, quote amount 29900"
messy/得意先別見積一覧.xlsx,1077様,20,2411-006,list_row,
messy/得意先別見積一覧.xlsx,1077様,21,2411-010,list_row,
messy/得意先別見積一覧.xlsx,1077様,22,2411-035,list_row,
messy/得意先別見積一覧.xlsx,1077様,23,2412-004,list_row,
messy/得意先別見積一覧.xlsx,1077様,24,2412-035,list_row,
messy/得意先別見積一覧.xlsx,1077様,26,2501-007,list_row,
messy/得意先別見積一覧.xlsx,1077様,27,2501-043,list_row,
messy/得意先別見積一覧.xlsx,1077様,28,2502-048,list_row,
messy/得意先別見積一覧.xlsx,1077様,29,2502-052,list_row,
messy/得意先別見積一覧.xlsx,1077様,30,2502-052,adjustment_row,
messy/得意先別見積一覧.xlsx,1077様,31,2502-056,list_row,
messy/得意先別見積一覧.xlsx,1077様,32,2503-038,list_row,
messy/得意先別見積一覧.xlsx,1077様,33,2504-010,list_row,
messy/得意先別見積一覧.xlsx,1077様,34,2506-024,list_row,
messy/得意先別見積一覧.xlsx,1077様,35,2507-031,list_row,
messy/得意先別見積一覧.xlsx,1077様,36,2507-078,list_row,
messy/得意先別見積一覧.xlsx,1077様,37,2507-087,list_row,
messy/得意先別見積一覧.xlsx,1077様,38,2508-032,list_row,
messy/得意先別見積一覧.xlsx,1077様,39,2509-022,list_row,
messy/得意先別見積一覧.xlsx,1077様,40,2509-030,list_row,
messy/得意先別見積一覧.xlsx,1077様,41,2509-063,list_row,
